{"stats":{"minecraft:dropped":{"minecraft:cookie":54,"minecraft:salmon":3},"minecraft:crafted":{"minecraft:cookie":108,"minecraft:oak_planks":40,"minecraft:emerald":39,"minecraft:crafting_table":2,"minecraft:wooden_pickaxe":1,"minecraft:furnace":1,"minecraft:stone_axe":1,"minecraft:bread":6,"minecraft:suspicious_stew":5,"minecraft:blue_dye":2,"minecraft:shield":1,"minecraft:stick":12,"minecraft:iron_ingot":2,"minecraft:stone_pickaxe":2,"minecraft:stone_sword":1,"minecraft:chest":2,"minecraft:torch":12,"minecraft:wheat":594},"minecraft:custom":{"minecraft:interact_with_furnace":3,"minecraft:mob_kills":10,"minecraft:animals_bred":4,"minecraft:traded_with_villager":50,"minecraft:interact_with_crafting_table":15,"minecraft:leave_game":3,"minecraft:time_since_death":73196,"minecraft:sleep_in_bed":4,"minecraft:climb_one_cm":1220,"minecraft:time_since_rest":17741,"minecraft:sprint_one_cm":217786,"minecraft:damage_taken":290,"minecraft:walk_one_cm":159292,"minecraft:drop":4,"minecraft:damage_dealt":407,"minecraft:talked_to_villager":33,"minecraft:swim_one_cm":5379,"minecraft:fly_one_cm":167449,"minecraft:open_chest":9,"minecraft:crouch_one_cm":291,"minecraft:play_time":73196,"minecraft:sneak_time":668,"minecraft:walk_under_water_one_cm":26421,"minecraft:jump":990,"minecraft:walk_on_water_one_cm":14279,"minecraft:total_world_time":73196,"minecraft:fall_one_cm":18980},"minecraft:killed":{"minecraft:salmon":9},"minecraft:used":{"minecraft:stone_sword":13,"minecraft:stone_pickaxe":262,"minecraft:chest":2,"minecraft:wooden_pickaxe":59,"minecraft:cookie":31,"minecraft:torch":10,"minecraft:dirt":36,"minecraft:crafting_table":2,"minecraft:bread":6,"minecraft:stone_axe":42,"minecraft:cobblestone":5,"minecraft:furnace":1,"minecraft:andesite":24,"minecraft:yellow_bed":2},"minecraft:broken":{"minecraft:stone_pickaxe":2,"minecraft:wooden_pickaxe":1},"minecraft:picked_up":{"minecraft:andesite":30,"minecraft:salmon":9,"minecraft:oak_log":10,"minecraft:yellow_bed":2,"minecraft:cornflower":2,"minecraft:dirt":36,"minecraft:wheat_seeds":4,"minecraft:egg":1,"minecraft:raw_iron":4,"minecraft:pumpkin":31,"minecraft:diorite":5,"minecraft:rabbit_foot":1,"minecraft:rotten_flesh":1,"minecraft:hay_block":66,"minecraft:granite":1,"minecraft:bone_meal":1,"minecraft:coal":114,"minecraft:cobblestone":128},"minecraft:mined":{"minecraft:cornflower":2,"minecraft:granite":1,"minecraft:grass_block":5,"minecraft:cobblestone":2,"minecraft:oxeye_daisy":1,"minecraft:diorite":5,"minecraft:hay_block":68,"minecraft:iron_ore":4,"minecraft:andesite":32,"minecraft:pumpkin":31,"minecraft:yellow_bed":2,"minecraft:grass":36,"minecraft:coal_ore":114,"minecraft:oak_log":10,"minecraft:dirt_path":1,"minecraft:dirt":31,"minecraft:stone":131}},"DataVersion":3465}