{"stats":{"minecraft:dropped":{"minecraft:cookie":54,"minecraft:salmon":3},"minecraft:crafted":{"minecraft:blue_dye":2,"minecraft:cookie":108,"minecraft:oak_planks":40,"minecraft:emerald":22,"minecraft:crafting_table":1,"minecraft:stick":8,"minecraft:wooden_pickaxe":1,"minecraft:stone_sword":1,"minecraft:stone_axe":1,"minecraft:bread":6,"minecraft:wheat":405},"minecraft:custom":{"minecraft:time_since_rest":8625,"minecraft:sprint_one_cm":159854,"minecraft:damage_taken":100,"minecraft:walk_one_cm":85024,"minecraft:mob_kills":10,"minecraft:drop":4,"minecraft:animals_bred":2,"minecraft:damage_dealt":407,"minecraft:traded_with_villager":28,"minecraft:talked_to_villager":14,"minecraft:swim_one_cm":4371,"minecraft:interact_with_crafting_table":4,"minecraft:fly_one_cm":135952,"minecraft:open_chest":3,"minecraft:crouch_one_cm":291,"minecraft:play_time":31677,"minecraft:sneak_time":668,"minecraft:walk_under_water_one_cm":13338,"minecraft:jump":611,"minecraft:leave_game":1,"minecraft:walk_on_water_one_cm":6950,"minecraft:time_since_death":31677,"minecraft:sleep_in_bed":2,"minecraft:climb_one_cm":1091,"minecraft:total_world_time":31677,"minecraft:fall_one_cm":13098},"minecraft:killed":{"minecraft:salmon":9},"minecraft:used":{"minecraft:stone_sword":13,"minecraft:bread":6,"minecraft:wooden_pickaxe":23,"minecraft:stone_axe":33,"minecraft:cookie":5,"minecraft:dirt":16,"minecraft:crafting_table":1,"minecraft:yellow_bed":1},"minecraft:picked_up":{"minecraft:pumpkin":31,"minecraft:salmon":9,"minecraft:oak_log":10,"minecraft:yellow_bed":2,"minecraft:rabbit_foot":1,"minecraft:cornflower":2,"minecraft:dirt":18,"minecraft:rotten_flesh":1,"minecraft:hay_block":66,"minecraft:bone_meal":1,"minecraft:cobblestone":8,"minecraft:egg":1},"minecraft:mined":{"minecraft:hay_block":68,"minecraft:yellow_bed":2,"minecraft:pumpkin":31,"minecraft:cornflower":2,"minecraft:grass":3,"minecraft:grass_block":3,"minecraft:oak_log":10,"minecraft:dirt":16,"minecraft:cobblestone":2,"minecraft:stone":6,"minecraft:oxeye_daisy":1}},"DataVersion":3465}