{"stats":{"minecraft:dropped":{"minecraft:salmon":3},"minecraft:crafted":{"minecraft:blue_dye":1,"minecraft:oak_planks":40,"minecraft:emerald":16,"minecraft:crafting_table":1,"minecraft:stick":8,"minecraft:wooden_pickaxe":1,"minecraft:stone_sword":1,"minecraft:stone_axe":1,"minecraft:bread":6,"minecraft:wheat":405},"minecraft:custom":{"minecraft:time_since_rest":10345,"minecraft:sprint_one_cm":93310,"minecraft:damage_taken":30,"minecraft:walk_one_cm":52256,"minecraft:mob_kills":9,"minecraft:drop":3,"minecraft:animals_bred":1,"minecraft:damage_dealt":270,"minecraft:traded_with_villager":16,"minecraft:talked_to_villager":8,"minecraft:swim_one_cm":4371,"minecraft:interact_with_crafting_table":4,"minecraft:fly_one_cm":96037,"minecraft:open_chest":1,"minecraft:crouch_one_cm":122,"minecraft:play_time":19677,"minecraft:sneak_time":122,"minecraft:walk_under_water_one_cm":13338,"minecraft:jump":418,"minecraft:leave_game":1,"minecraft:walk_on_water_one_cm":6950,"minecraft:time_since_death":19677,"minecraft:sleep_in_bed":1,"minecraft:climb_one_cm":1004,"minecraft:total_world_time":19677,"minecraft:fall_one_cm":7894},"minecraft:killed":{"minecraft:salmon":9},"minecraft:used":{"minecraft:stone_sword":10,"minecraft:bread":3,"minecraft:wooden_pickaxe":23,"minecraft:stone_axe":31,"minecraft:dirt":1,"minecraft:crafting_table":1},"minecraft:picked_up":{"minecraft:pumpkin":31,"minecraft:salmon":9,"minecraft:oak_log":10,"minecraft:cornflower":1,"minecraft:dirt":17,"minecraft:hay_block":45,"minecraft:bone_meal":1,"minecraft:cobblestone":8,"minecraft:egg":1},"minecraft:mined":{"minecraft:hay_block":47,"minecraft:pumpkin":31,"minecraft:cornflower":1,"minecraft:grass":3,"minecraft:grass_block":2,"minecraft:oak_log":10,"minecraft:dirt":15,"minecraft:cobblestone":2,"minecraft:stone":6,"minecraft:oxeye_daisy":1}},"DataVersion":3465}