{"stats":{"minecraft:dropped":{"minecraft:cookie":54,"minecraft:salmon":3},"minecraft:crafted":{"minecraft:blue_dye":2,"minecraft:cookie":108,"minecraft:oak_planks":40,"minecraft:emerald":39,"minecraft:crafting_table":2,"minecraft:stick":8,"minecraft:wooden_pickaxe":1,"minecraft:stone_pickaxe":1,"minecraft:stone_sword":1,"minecraft:torch":4,"minecraft:stone_axe":1,"minecraft:suspicious_stew":5,"minecraft:bread":6,"minecraft:wheat":594},"minecraft:custom":{"minecraft:time_since_rest":13109,"minecraft:sprint_one_cm":191900,"minecraft:damage_taken":130,"minecraft:walk_one_cm":125688,"minecraft:mob_kills":10,"minecraft:drop":4,"minecraft:animals_bred":2,"minecraft:damage_dealt":407,"minecraft:interact_with_crafting_table":5,"minecraft:traded_with_villager":50,"minecraft:swim_one_cm":4800,"minecraft:open_chest":4,"minecraft:fly_one_cm":153078,"minecraft:talked_to_villager":32,"minecraft:crouch_one_cm":291,"minecraft:play_time":49245,"minecraft:sneak_time":668,"minecraft:walk_under_water_one_cm":14781,"minecraft:jump":794,"minecraft:leave_game":2,"minecraft:time_since_death":49245,"minecraft:walk_on_water_one_cm":9367,"minecraft:sleep_in_bed":3,"minecraft:total_world_time":49245,"minecraft:climb_one_cm":1220,"minecraft:fall_one_cm":16574},"minecraft:killed":{"minecraft:salmon":9},"minecraft:used":{"minecraft:stone_sword":13,"minecraft:stone_pickaxe":116,"minecraft:bread":6,"minecraft:wooden_pickaxe":59,"minecraft:cookie":15,"minecraft:torch":2,"minecraft:stone_axe":33,"minecraft:dirt":36,"minecraft:crafting_table":2,"minecraft:andesite":3,"minecraft:yellow_bed":2},"minecraft:broken":{"minecraft:wooden_pickaxe":1},"minecraft:picked_up":{"minecraft:raw_iron":2,"minecraft:salmon":9,"minecraft:pumpkin":31,"minecraft:andesite":3,"minecraft:oak_log":10,"minecraft:yellow_bed":2,"minecraft:cornflower":2,"minecraft:rabbit_foot":1,"minecraft:dirt":36,"minecraft:rotten_flesh":1,"minecraft:hay_block":66,"minecraft:granite":1,"minecraft:bone_meal":1,"minecraft:coal":90,"minecraft:cobblestone":47,"minecraft:egg":1},"minecraft:mined":{"minecraft:hay_block":68,"minecraft:iron_ore":2,"minecraft:andesite":3,"minecraft:pumpkin":31,"minecraft:yellow_bed":2,"minecraft:cornflower":2,"minecraft:granite":1,"minecraft:grass":3,"minecraft:grass_block":5,"minecraft:oak_log":10,"minecraft:coal_ore":90,"minecraft:dirt_path":1,"minecraft:dirt":31,"minecraft:cobblestone":2,"minecraft:stone":45,"minecraft:oxeye_daisy":1}},"DataVersion":3465}