{"stats":{"minecraft:dropped":{"minecraft:cookie":54,"minecraft:salmon":3},"minecraft:crafted":{"minecraft:blue_dye":2,"minecraft:cookie":108,"minecraft:oak_planks":40,"minecraft:emerald":34,"minecraft:crafting_table":2,"minecraft:stick":8,"minecraft:wooden_pickaxe":1,"minecraft:stone_pickaxe":1,"minecraft:stone_sword":1,"minecraft:torch":4,"minecraft:stone_axe":1,"minecraft:suspicious_stew":5,"minecraft:bread":6,"minecraft:wheat":594},"minecraft:custom":{"minecraft:time_since_rest":7541,"minecraft:sprint_one_cm":176429,"minecraft:damage_taken":110,"minecraft:walk_one_cm":113848,"minecraft:mob_kills":10,"minecraft:drop":4,"minecraft:animals_bred":2,"minecraft:damage_dealt":407,"minecraft:traded_with_villager":45,"minecraft:talked_to_villager":21,"minecraft:swim_one_cm":4800,"minecraft:interact_with_crafting_table":5,"minecraft:fly_one_cm":144057,"minecraft:open_chest":3,"minecraft:crouch_one_cm":291,"minecraft:play_time":43677,"minecraft:sneak_time":668,"minecraft:walk_under_water_one_cm":13368,"minecraft:jump":698,"minecraft:leave_game":1,"minecraft:walk_on_water_one_cm":7801,"minecraft:time_since_death":43677,"minecraft:sleep_in_bed":3,"minecraft:climb_one_cm":1220,"minecraft:total_world_time":43677,"minecraft:fall_one_cm":14865},"minecraft:killed":{"minecraft:salmon":9},"minecraft:used":{"minecraft:stone_sword":13,"minecraft:bread":6,"minecraft:stone_pickaxe":86,"minecraft:wooden_pickaxe":59,"minecraft:torch":2,"minecraft:stone_axe":33,"minecraft:cookie":8,"minecraft:dirt":35,"minecraft:crafting_table":2,"minecraft:yellow_bed":2},"minecraft:broken":{"minecraft:wooden_pickaxe":1},"minecraft:picked_up":{"minecraft:raw_iron":2,"minecraft:andesite":3,"minecraft:pumpkin":31,"minecraft:salmon":9,"minecraft:oak_log":10,"minecraft:yellow_bed":2,"minecraft:rabbit_foot":1,"minecraft:cornflower":2,"minecraft:dirt":36,"minecraft:rotten_flesh":1,"minecraft:hay_block":66,"minecraft:granite":1,"minecraft:bone_meal":1,"minecraft:coal":62,"minecraft:cobblestone":45,"minecraft:egg":1},"minecraft:mined":{"minecraft:hay_block":68,"minecraft:iron_ore":2,"minecraft:andesite":3,"minecraft:granite":1,"minecraft:yellow_bed":2,"minecraft:pumpkin":31,"minecraft:cornflower":2,"minecraft:grass":3,"minecraft:coal_ore":62,"minecraft:grass_block":5,"minecraft:oak_log":10,"minecraft:dirt_path":1,"minecraft:dirt":31,"minecraft:cobblestone":2,"minecraft:stone":43,"minecraft:oxeye_daisy":1}},"DataVersion":3465}