{"stats":{"minecraft:crafted":{"minecraft:oak_planks":40,"minecraft:crafting_table":1,"minecraft:stick":4,"minecraft:bread":6,"minecraft:wooden_pickaxe":1,"minecraft:wheat":18},"minecraft:custom":{"minecraft:open_chest":1,"minecraft:time_since_rest":7781,"minecraft:crouch_one_cm":122,"minecraft:play_time":7781,"minecraft:sprint_one_cm":39500,"minecraft:damage_taken":10,"minecraft:walk_one_cm":23585,"minecraft:sneak_time":14,"minecraft:walk_under_water_one_cm":565,"minecraft:jump":172,"minecraft:time_since_death":7781,"minecraft:walk_on_water_one_cm":1275,"minecraft:total_world_time":7781,"minecraft:climb_one_cm":1004,"minecraft:interact_with_crafting_table":2,"minecraft:swim_one_cm":1102,"minecraft:talked_to_villager":1,"minecraft:fall_one_cm":3948,"minecraft:fly_one_cm":40925},"minecraft:used":{"minecraft:dirt":1,"minecraft:crafting_table":1,"minecraft:bread":3,"minecraft:wooden_pickaxe":10},"minecraft:picked_up":{"minecraft:hay_block":45,"minecraft:oak_log":10,"minecraft:cobblestone":2,"minecraft:dirt":9},"minecraft:mined":{"minecraft:hay_block":47,"minecraft:grass":2,"minecraft:grass_block":1,"minecraft:oak_log":10,"minecraft:dirt":8,"minecraft:cobblestone":2}},"DataVersion":3465}