{"stats":{"minecraft:dropped":{"minecraft:cookie":54,"minecraft:salmon":3},"minecraft:crafted":{"minecraft:cookie":108,"minecraft:oak_planks":124,"minecraft:emerald":39,"minecraft:cooked_porkchop":18,"minecraft:crafting_table":3,"minecraft:wooden_pickaxe":1,"minecraft:furnace":2,"minecraft:stone_axe":1,"minecraft:bread":6,"minecraft:suspicious_stew":5,"minecraft:blue_dye":2,"minecraft:shield":1,"minecraft:stick":16,"minecraft:iron_ingot":2,"minecraft:stone_pickaxe":3,"minecraft:stone_sword":1,"minecraft:chest":3,"minecraft:torch":20,"minecraft:wheat":594},"minecraft:custom":{"minecraft:interact_with_furnace":10,"minecraft:mob_kills":23,"minecraft:animals_bred":4,"minecraft:traded_with_villager":50,"minecraft:interact_with_crafting_table":18,"minecraft:leave_game":4,"minecraft:time_since_death":102814,"minecraft:sleep_in_bed":6,"minecraft:climb_one_cm":1220,"minecraft:time_since_rest":195,"minecraft:sprint_one_cm":334616,"minecraft:damage_taken":380,"minecraft:walk_one_cm":214438,"minecraft:drop":4,"minecraft:damage_dealt":2237,"minecraft:swim_one_cm":5379,"minecraft:talked_to_villager":38,"minecraft:fly_one_cm":241809,"minecraft:open_chest":15,"minecraft:crouch_one_cm":291,"minecraft:play_time":102814,"minecraft:sneak_time":668,"minecraft:walk_under_water_one_cm":26421,"minecraft:jump":1375,"minecraft:walk_on_water_one_cm":14279,"minecraft:total_world_time":102814,"minecraft:fall_one_cm":26606},"minecraft:killed":{"minecraft:pig":9,"minecraft:salmon":9,"minecraft:creeper":1,"minecraft:zombie":3},"minecraft:used":{"minecraft:stone_sword":52,"minecraft:stone_pickaxe":277,"minecraft:chest":3,"minecraft:wooden_pickaxe":59,"minecraft:cookie":54,"minecraft:torch":13,"minecraft:dirt":36,"minecraft:crafting_table":3,"minecraft:bread":6,"minecraft:stone_axe":73,"minecraft:cobblestone":5,"minecraft:furnace":2,"minecraft:cooked_porkchop":1,"minecraft:andesite":25,"minecraft:yellow_bed":2},"minecraft:broken":{"minecraft:stone_pickaxe":2,"minecraft:wooden_pickaxe":1},"minecraft:picked_up":{"minecraft:salmon":9,"minecraft:andesite":30,"minecraft:oak_log":31,"minecraft:yellow_bed":2,"minecraft:gunpowder":1,"minecraft:cornflower":2,"minecraft:dirt":36,"minecraft:wheat_seeds":4,"minecraft:egg":2,"minecraft:raw_iron":4,"minecraft:pumpkin":31,"minecraft:torch":1,"minecraft:porkchop":18,"minecraft:diorite":5,"minecraft:rabbit_foot":1,"minecraft:rotten_flesh":2,"minecraft:hay_block":66,"minecraft:granite":1,"minecraft:bone_meal":1,"minecraft:coal":128,"minecraft:cobblestone":132},"minecraft:mined":{"minecraft:cornflower":2,"minecraft:granite":1,"minecraft:grass_block":5,"minecraft:cobblestone":2,"minecraft:diorite":5,"minecraft:oxeye_daisy":1,"minecraft:hay_block":68,"minecraft:iron_ore":4,"minecraft:andesite":32,"minecraft:pumpkin":31,"minecraft:yellow_bed":2,"minecraft:grass":37,"minecraft:oak_log":31,"minecraft:coal_ore":128,"minecraft:dirt_path":1,"minecraft:dirt":31,"minecraft:stone":132,"minecraft:oak_leaves":10}},"DataVersion":3465}