{"stats":{"minecraft:picked_up":{"minecraft:wheat_seeds":2,"minecraft:dirt":3},"minecraft:used":{"minecraft:dirt":1,"minecraft:birch_slab":1},"minecraft:mined":{"minecraft:grass":8,"minecraft:grass_block":1,"minecraft:dirt":2},"minecraft:dropped":{"minecraft:wheat_seeds":2},"minecraft:custom":{"minecraft:jump":46,"minecraft:time_since_rest":29372,"minecraft:crouch_one_cm":3,"minecraft:leave_game":1,"minecraft:play_time":29372,"minecraft:sprint_one_cm":7107,"minecraft:damage_taken":200,"minecraft:time_since_death":29372,"minecraft:walk_one_cm":15707,"minecraft:sneak_time":26,"minecraft:total_world_time":29372,"minecraft:drop":2,"minecraft:fall_one_cm":894,"minecraft:fly_one_cm":7684}},"DataVersion":3465}