{"stats":{"minecraft:picked_up":{"minecraft:rotten_flesh":2,"minecraft:wheat_seeds":2,"minecraft:dirt":4},"minecraft:used":{"minecraft:diamond_sword":46,"minecraft:dirt":2,"minecraft:birch_slab":5,"minecraft:white_bed":4},"minecraft:mined":{"minecraft:grass":8,"minecraft:grass_block":1,"minecraft:dirt":2},"minecraft:dropped":{"minecraft:wheat_seeds":2},"minecraft:killed":{"minecraft:spider":1,"minecraft:zombie":4},"minecraft:custom":{"minecraft:time_since_rest":578,"minecraft:crouch_one_cm":60,"minecraft:sprint_one_cm":21241,"minecraft:play_time":41372,"minecraft:damage_taken":200,"minecraft:walk_one_cm":44244,"minecraft:sneak_time":39,"minecraft:mob_kills":5,"minecraft:drop":2,"minecraft:jump":122,"minecraft:damage_dealt":933,"minecraft:leave_game":1,"minecraft:time_since_death":41372,"minecraft:sleep_in_bed":2,"minecraft:total_world_time":41372,"minecraft:fall_one_cm":894,"minecraft:fly_one_cm":19356}},"DataVersion":3465}