{"stats":{"minecraft:killed_by":{"minecraft:cave_spider":1},"minecraft:dropped":{"minecraft:crafting_table":1,"minecraft:leather":6,"minecraft:dirt":4,"minecraft:furnace":1,"minecraft:stone_axe":1,"minecraft:stone_sword":1,"minecraft:cobbled_deepslate":51,"minecraft:rotten_flesh":8,"minecraft:cooked_mutton":4,"minecraft:wooden_pickaxe":4},"minecraft:custom":{"minecraft:mob_kills":21,"minecraft:animals_bred":1,"minecraft:interact_with_crafting_table":14,"minecraft:bell_ring":1,"minecraft:leave_game":1,"minecraft:time_since_death":14011,"minecraft:climb_one_cm":6022,"minecraft:sprint_one_cm":487122,"minecraft:walk_one_cm":514238,"minecraft:drop":40,"minecraft:talked_to_villager":2,"minecraft:play_time":148795,"minecraft:sneak_time":1526,"minecraft:deaths":1,"minecraft:walk_under_water_one_cm":27065,"minecraft:boat_one_cm":92340,"minecraft:jump":1598,"minecraft:walk_on_water_one_cm":46366,"minecraft:total_world_time":148795,"minecraft:interact_with_furnace":11,"minecraft:sleep_in_bed":7,"minecraft:time_since_rest":14685,"minecraft:damage_taken":1038,"minecraft:damage_dealt":2293,"minecraft:swim_one_cm":22434,"minecraft:player_kills":1,"minecraft:fly_one_cm":277225,"minecraft:open_chest":34,"minecraft:crouch_one_cm":1847,"minecraft:interact_with_smoker":1,"minecraft:fall_one_cm":23699},"minecraft:crafted":{"minecraft:oak_planks":46,"minecraft:cooked_chicken":3,"minecraft:furnace":1,"minecraft:cooked_mutton":4,"travelersbackpack:white_sleeping_bag":1,"minecraft:stone_pickaxe":3,"minecraft:chest":2,"minecraft:cooked_porkchop":2,"minecraft:crafting_table":3,"travelersbackpack:backpack_tank":1,"minecraft:wooden_pickaxe":1,"minecraft:iron_sword":1,"minecraft:stone_axe":1,"minecraft:oak_boat":1,"minecraft:stick":20,"minecraft:iron_ingot":11,"minecraft:iron_pickaxe":1,"minecraft:stone_sword":1,"minecraft:torch":16},"minecraft:killed":{"minecraft:spider":2,"minecraft:skeleton":1,"minecraft:chicken":3,"minecraft:pig":1,"minecraft:zombie_villager":1,"minecraft:salmon":5,"minecraft:sheep":3,"minecraft:zombie":3},"minecraft:used":{"minecraft:stone_sword":112,"minecraft:chest":2,"minecraft:spruce_planks":1,"minecraft:cooked_chicken":3,"minecraft:torch":37,"minecraft:tuff":2,"minecraft:granite":1,"minecraft:furnace":3,"minecraft:egg":1,"minecraft:light_gray_bed":1,"minecraft:cooked_mutton":2,"minecraft:diorite":13,"minecraft:birch_planks":2,"minecraft:stone_pickaxe":175,"minecraft:oak_planks":2,"minecraft:wooden_pickaxe":13,"minecraft:cookie":54,"minecraft:crafting_table":8,"minecraft:apple":1,"minecraft:bread":1,"minecraft:iron_pickaxe":35,"minecraft:gravel":4,"minecraft:stone_axe":58,"minecraft:cobblestone":29,"minecraft:cooked_porkchop":1,"minecraft:andesite":2,"minecraft:birch_log":1,"minecraft:pumpkin_pie":6,"minecraft:oak_boat":1},"minecraft:broken":{"minecraft:stone_pickaxe":1},"minecraft:picked_up":{"minecraft:crafting_table":6,"minecraft:chicken":3,"minecraft:wooden_pickaxe":3,"minecraft:oak_stairs":4,"minecraft:enchanted_book":7,"minecraft:string":34,"minecraft:raw_copper":36,"minecraft:cobbled_deepslate":51,"minecraft:spruce_planks":4,"minecraft:beef":2,"minecraft:iron_pickaxe":3,"minecraft:furnace":3,"minecraft:egg":5,"minecraft:raw_iron":12,"minecraft:torch":11,"minecraft:spruce_stairs":1,"minecraft:porkchop":2,"minecraft:cookie":54,"minecraft:diorite":13,"minecraft:redstone":84,"minecraft:rabbit_foot":1,"minecraft:stone_sword":2,"minecraft:arrow":8,"minecraft:light_gray_bed":2,"minecraft:rotten_flesh":8,"minecraft:pumpkin_pie":5,"minecraft:hay_block":1,"minecraft:mutton":4,"minecraft:white_wool":3,"minecraft:cobblestone":143,"minecraft:birch_log":21,"minecraft:feather":6,"minecraft:salmon":8,"minecraft:birch_slab":1,"minecraft:andesite":2,"minecraft:birch_planks":4,"minecraft:tuff":2,"minecraft:oak_log":12,"minecraft:lapis_lazuli":18,"minecraft:dirt":7,"minecraft:cooked_mutton":2,"minecraft:glass":12,"minecraft:bone":4,"minecraft:apple":1,"minecraft:wheat_seeds":2,"minecraft:raw_gold":2,"minecraft:iron_ingot":11,"minecraft:stone_pickaxe":2,"minecraft:iron_sword":1,"minecraft:oak_planks":2,"minecraft:book":102,"minecraft:oak_slab":1,"minecraft:cooked_porkchop":8,"minecraft:pumpkin":6,"minecraft:gravel":1,"minecraft:birch_stairs":1,"minecraft:stone_axe":2,"minecraft:chainmail_leggings":1,"minecraft:granite":1,"minecraft:bread":7,"minecraft:coal":25,"minecraft:ender_pearl":1},"minecraft:mined":{"minecraft:tuff":2,"minecraft:spruce_planks":4,"minecraft:granite":1,"minecraft:grass_block":1,"minecraft:light_gray_bed":2,"minecraft:birch_slab":1,"minecraft:furnace":2,"minecraft:iron_ore":1,"minecraft:andesite":2,"minecraft:pumpkin":4,"minecraft:deepslate_lapis_ore":1,"minecraft:bookshelf":24,"minecraft:deepslate_iron_ore":14,"minecraft:oak_stairs":4,"minecraft:stone":112,"minecraft:birch_stairs":1,"minecraft:deepslate_redstone_ore":19,"minecraft:oak_slab":1,"minecraft:glass_pane":1,"travelersbackpack:standard":1,"minecraft:crafting_table":5,"minecraft:torch":9,"minecraft:cobblestone":3,"minecraft:copper_ore":5,"minecraft:deepslate_gold_ore":1,"minecraft:diorite":13,"minecraft:wall_torch":5,"minecraft:spruce_stairs":1,"minecraft:birch_planks":6,"minecraft:grass":22,"minecraft:cracked_deepslate_tiles":1,"minecraft:coal_ore":26,"minecraft:oak_log":11,"minecraft:dirt":3,"minecraft:cobweb":19,"minecraft:oak_leaves":3,"minecraft:deepslate":16}},"DataVersion":3465}