{"stats":{"minecraft:crafted":{"minecraft:oak_planks":44,"minecraft:crafting_table":1,"minecraft:stick":8,"minecraft:wooden_pickaxe":1,"minecraft:stone_pickaxe":1,"minecraft:stone_sword":1,"minecraft:stone_axe":1},"minecraft:custom":{"minecraft:time_since_rest":7,"minecraft:sprint_one_cm":55491,"minecraft:damage_taken":120,"minecraft:walk_one_cm":62025,"minecraft:mob_kills":8,"minecraft:damage_dealt":525,"minecraft:swim_one_cm":1534,"minecraft:interact_with_crafting_table":2,"minecraft:fly_one_cm":32554,"minecraft:open_chest":1,"minecraft:crouch_one_cm":157,"minecraft:play_time":17530,"minecraft:sneak_time":528,"minecraft:walk_under_water_one_cm":3221,"minecraft:jump":181,"minecraft:walk_on_water_one_cm":938,"minecraft:time_since_death":17530,"minecraft:sleep_in_bed":1,"minecraft:total_world_time":17530,"minecraft:fall_one_cm":2200},"minecraft:killed":{"minecraft:sheep":3,"minecraft:pig":1,"minecraft:chicken":3,"minecraft:spider":1},"minecraft:used":{"minecraft:apple":1,"minecraft:stone_sword":24,"minecraft:wooden_pickaxe":13,"minecraft:stone_axe":18,"minecraft:crafting_table":1,"minecraft:egg":1},"minecraft:picked_up":{"minecraft:pumpkin":4,"minecraft:oak_slab":1,"minecraft:crafting_table":1,"minecraft:feather":6,"minecraft:chicken":3,"minecraft:birch_slab":1,"minecraft:oak_stairs":3,"minecraft:birch_planks":4,"minecraft:porkchop":2,"minecraft:birch_stairs":1,"minecraft:oak_log":12,"minecraft:dirt":3,"minecraft:apple":1,"minecraft:wheat_seeds":1,"minecraft:spruce_planks":3,"minecraft:mutton":4,"minecraft:coal":2,"minecraft:white_wool":3,"minecraft:cobblestone":9,"minecraft:egg":4},"minecraft:mined":{"minecraft:birch_stairs":1,"minecraft:birch_planks":6,"minecraft:oak_slab":1,"minecraft:spruce_planks":3,"minecraft:pumpkin":4,"minecraft:crafting_table":1,"minecraft:grass":5,"minecraft:oak_log":11,"minecraft:coal_ore":2,"minecraft:oak_stairs":3,"minecraft:dirt":3,"minecraft:birch_slab":1,"minecraft:stone":9,"minecraft:oak_leaves":3}},"DataVersion":3465}