{"stats":{"minecraft:picked_up":{"minecraft:wooden_axe":1,"minecraft:stick":4,"minecraft:crafting_table":2,"minecraft:wooden_pickaxe":1,"minecraft:porkchop":2,"minecraft:dirt":7,"minecraft:rotten_flesh":2,"minecraft:wheat_seeds":2,"minecraft:hay_block":13,"minecraft:oak_planks":8,"minecraft:coal":16,"minecraft:cobblestone":17,"minecraft:egg":2},"minecraft:crafted":{"minecraft:cooked_porkchop":2,"minecraft:crafting_table":1,"minecraft:stone_pickaxe":1,"minecraft:furnace":1,"minecraft:stone_axe":1},"minecraft:used":{"minecraft:birch_slab":5,"minecraft:stone_pickaxe":26,"minecraft:wooden_pickaxe":22,"minecraft:cooked_chicken":3,"minecraft:stone_axe":4,"minecraft:diamond_sword":64,"minecraft:dirt":5,"minecraft:crafting_table":3,"minecraft:furnace":1,"minecraft:cooked_porkchop":2,"minecraft:white_bed":6},"minecraft:mined":{"minecraft:hay_block":13,"minecraft:crafting_table":2,"minecraft:grass":13,"minecraft:grass_block":4,"minecraft:coal_ore":16,"minecraft:dirt":2,"minecraft:stone":17},"minecraft:dropped":{"minecraft:wheat_seeds":2,"minecraft:cooked_chicken":2},"minecraft:killed":{"minecraft:zombie":5,"minecraft:pig":1,"minecraft:spider":1,"minecraft:creeper":1},"minecraft:custom":{"minecraft:time_since_rest":11670,"minecraft:interact_with_furnace":3,"minecraft:sprint_one_cm":87519,"minecraft:damage_taken":210,"minecraft:walk_one_cm":102150,"minecraft:mob_kills":8,"minecraft:drop":4,"minecraft:damage_dealt":1360,"minecraft:interact_with_crafting_table":3,"minecraft:fly_one_cm":64335,"minecraft:crouch_one_cm":290,"minecraft:play_time":71423,"minecraft:sneak_time":102,"minecraft:jump":371,"minecraft:interact_with_blast_furnace":1,"minecraft:leave_game":2,"minecraft:time_since_death":71423,"minecraft:sleep_in_bed":3,"minecraft:total_world_time":71423,"minecraft:fall_one_cm":4600}},"DataVersion":3465}