{"stats":{"minecraft:dropped":{"minecraft:rotten_flesh":2,"minecraft:leather":6,"minecraft:cooked_mutton":4},"minecraft:crafted":{"minecraft:oak_planks":46,"minecraft:cooked_porkchop":2,"minecraft:crafting_table":2,"travelersbackpack:backpack_tank":1,"minecraft:wooden_pickaxe":1,"minecraft:cooked_chicken":3,"minecraft:stone_axe":1,"minecraft:cooked_mutton":4,"minecraft:oak_boat":1,"travelersbackpack:white_sleeping_bag":1,"minecraft:stick":8,"minecraft:stone_pickaxe":1,"minecraft:stone_sword":1,"minecraft:chest":2,"minecraft:torch":4},"minecraft:custom":{"minecraft:interact_with_furnace":7,"minecraft:mob_kills":13,"minecraft:animals_bred":1,"minecraft:interact_with_crafting_table":10,"minecraft:bell_ring":1,"minecraft:leave_game":1,"minecraft:time_since_death":88795,"minecraft:sleep_in_bed":7,"minecraft:climb_one_cm":3048,"minecraft:time_since_rest":5790,"minecraft:sprint_one_cm":379800,"minecraft:damage_taken":345,"minecraft:walk_one_cm":301968,"minecraft:drop":6,"minecraft:damage_dealt":875,"minecraft:swim_one_cm":21721,"minecraft:talked_to_villager":2,"minecraft:fly_one_cm":202552,"minecraft:player_kills":1,"minecraft:open_chest":27,"minecraft:crouch_one_cm":655,"minecraft:play_time":88795,"minecraft:sneak_time":735,"minecraft:walk_under_water_one_cm":15894,"minecraft:boat_one_cm":92340,"minecraft:jump":1091,"minecraft:walk_on_water_one_cm":29205,"minecraft:interact_with_smoker":1,"minecraft:total_world_time":88795,"minecraft:fall_one_cm":16474},"minecraft:killed":{"minecraft:pig":1,"minecraft:salmon":5,"minecraft:spider":1,"minecraft:sheep":3,"minecraft:chicken":3},"minecraft:used":{"minecraft:cooked_mutton":2,"minecraft:stone_sword":37,"minecraft:birch_planks":2,"minecraft:stone_pickaxe":40,"minecraft:spruce_planks":1,"minecraft:chest":2,"minecraft:wooden_pickaxe":13,"minecraft:cooked_chicken":3,"minecraft:cookie":39,"minecraft:torch":13,"minecraft:crafting_table":5,"minecraft:apple":1,"minecraft:stone_axe":56,"minecraft:furnace":1,"minecraft:cooked_porkchop":1,"minecraft:oak_boat":1,"minecraft:egg":1,"minecraft:light_gray_bed":1},"minecraft:picked_up":{"minecraft:birch_log":11,"minecraft:crafting_table":3,"minecraft:feather":6,"minecraft:chicken":3,"minecraft:birch_slab":1,"minecraft:salmon":8,"minecraft:oak_stairs":4,"minecraft:birch_planks":4,"minecraft:oak_log":12,"minecraft:dirt":4,"minecraft:raw_copper":13,"minecraft:cooked_mutton":2,"minecraft:glass":12,"minecraft:apple":1,"minecraft:wheat_seeds":2,"minecraft:spruce_planks":4,"minecraft:beef":2,"minecraft:egg":5,"minecraft:furnace":1,"minecraft:book":96,"minecraft:oak_slab":1,"minecraft:raw_iron":1,"minecraft:pumpkin":6,"minecraft:torch":9,"minecraft:spruce_stairs":1,"minecraft:porkchop":2,"minecraft:birch_stairs":1,"minecraft:cookie":54,"minecraft:rabbit_foot":1,"minecraft:light_gray_bed":2,"minecraft:rotten_flesh":2,"minecraft:stone_axe":1,"minecraft:hay_block":1,"minecraft:mutton":4,"minecraft:coal":20,"minecraft:white_wool":3,"minecraft:cobblestone":21},"minecraft:mined":{"minecraft:oak_slab":1,"minecraft:birch_stairs":1,"minecraft:spruce_planks":4,"minecraft:glass_pane":1,"travelersbackpack:standard":1,"minecraft:crafting_table":3,"minecraft:torch":8,"minecraft:grass_block":1,"minecraft:light_gray_bed":2,"minecraft:copper_ore":4,"minecraft:cobblestone":1,"minecraft:birch_slab":1,"minecraft:wall_torch":4,"minecraft:spruce_stairs":1,"minecraft:birch_planks":6,"minecraft:furnace":1,"minecraft:iron_ore":1,"minecraft:pumpkin":4,"minecraft:grass":22,"minecraft:cracked_deepslate_tiles":1,"minecraft:bookshelf":24,"minecraft:oak_log":11,"minecraft:coal_ore":20,"minecraft:oak_stairs":4,"minecraft:dirt":3,"minecraft:stone":22,"minecraft:oak_leaves":3}},"DataVersion":3465}