{"stats":{"minecraft:picked_up":{"minecraft:wooden_axe":1,"minecraft:rotten_flesh":2,"minecraft:wheat_seeds":2,"minecraft:dirt":4,"minecraft:egg":2},"minecraft:used":{"minecraft:diamond_sword":57,"minecraft:dirt":2,"minecraft:birch_slab":5,"minecraft:white_bed":4},"minecraft:mined":{"minecraft:grass":8,"minecraft:grass_block":1,"minecraft:dirt":2},"minecraft:dropped":{"minecraft:wheat_seeds":2,"minecraft:cooked_chicken":2},"minecraft:killed":{"minecraft:spider":1,"minecraft:zombie":4,"minecraft:creeper":1},"minecraft:custom":{"minecraft:time_since_rest":18578,"minecraft:crouch_one_cm":60,"minecraft:sprint_one_cm":27430,"minecraft:play_time":59372,"minecraft:damage_taken":200,"minecraft:walk_one_cm":53882,"minecraft:sneak_time":39,"minecraft:mob_kills":6,"minecraft:drop":4,"minecraft:jump":144,"minecraft:damage_dealt":1140,"minecraft:leave_game":1,"minecraft:time_since_death":59372,"minecraft:sleep_in_bed":2,"minecraft:total_world_time":59372,"minecraft:fall_one_cm":894,"minecraft:fly_one_cm":25997}},"DataVersion":3465}