{"stats":{"minecraft:picked_up":{"minecraft:wheat_seeds":2},"minecraft:mined":{"minecraft:grass":8},"minecraft:dropped":{"minecraft:wheat_seeds":2},"minecraft:custom":{"minecraft:jump":28,"minecraft:time_since_rest":17372,"minecraft:leave_game":1,"minecraft:play_time":17372,"minecraft:sprint_one_cm":4427,"minecraft:time_since_death":17372,"minecraft:walk_one_cm":11002,"minecraft:total_world_time":17372,"minecraft:drop":2,"minecraft:fall_one_cm":894,"minecraft:fly_one_cm":3377}},"DataVersion":3465}