{"stats":{"minecraft:killed_by":{"minecraft:cave_spider":1},"minecraft:killed":{"minecraft:endermite":3,"minecraft:spider":2,"minecraft:skeleton":1,"minecraft:chicken":5,"minecraft:silverfish":3,"minecraft:pig":1,"minecraft:zombie_villager":1,"minecraft:salmon":5,"minecraft:sheep":3,"minecraft:zombie":4,"minecraft:cow":3},"minecraft:picked_up":{"minecraft:crafting_table":6,"minecraft:chicken":5,"minecraft:wooden_pickaxe":3,"minecraft:oak_stairs":4,"minecraft:enchanted_book":7,"minecraft:string":34,"minecraft:raw_copper":36,"minecraft:cracked_stone_bricks":1,"minecraft:cobbled_deepslate":230,"minecraft:spruce_planks":4,"minecraft:beef":7,"minecraft:iron_pickaxe":3,"minecraft:egg":5,"minecraft:furnace":3,"minecraft:raw_iron":17,"minecraft:torch":17,"minecraft:spruce_stairs":1,"minecraft:porkchop":2,"minecraft:cookie":54,"minecraft:diorite":13,"minecraft:redstone":84,"minecraft:rabbit_foot":1,"minecraft:light_gray_bed":2,"minecraft:stone_sword":2,"minecraft:arrow":8,"minecraft:rotten_flesh":8,"minecraft:pumpkin_pie":5,"minecraft:deepslate_bricks":4,"minecraft:hay_block":1,"minecraft:mutton":4,"minecraft:white_wool":3,"minecraft:cobblestone":176,"minecraft:birch_log":21,"minecraft:feather":8,"minecraft:andesite":2,"minecraft:birch_slab":1,"minecraft:salmon":8,"minecraft:leather":4,"minecraft:birch_planks":4,"minecraft:tuff":4,"minecraft:oak_log":12,"minecraft:dirt":7,"minecraft:lapis_lazuli":18,"minecraft:cooked_mutton":2,"minecraft:glass":12,"minecraft:bone":4,"minecraft:apple":1,"minecraft:wheat_seeds":2,"minecraft:raw_gold":8,"minecraft:stone_pickaxe":2,"minecraft:iron_ingot":11,"minecraft:iron_sword":1,"minecraft:oak_planks":2,"minecraft:book":102,"minecraft:oak_slab":1,"minecraft:cooked_porkchop":8,"minecraft:pumpkin":6,"minecraft:gravel":12,"minecraft:birch_stairs":1,"minecraft:polished_andesite":1,"minecraft:diamond":6,"minecraft:stone_axe":2,"minecraft:chainmail_leggings":1,"minecraft:granite":37,"minecraft:bread":7,"minecraft:oak_sapling":1,"minecraft:coal":28,"minecraft:ender_pearl":1},"minecraft:mined":{"minecraft:infested_deepslate":1,"minecraft:tuff":4,"minecraft:spruce_planks":4,"minecraft:deepslate_diamond_ore":6,"minecraft:granite":38,"minecraft:grass_block":1,"minecraft:light_gray_bed":2,"minecraft:deepslate_bricks":4,"minecraft:birch_slab":1,"minecraft:furnace":2,"minecraft:iron_ore":4,"minecraft:andesite":2,"minecraft:pumpkin":4,"minecraft:deepslate_lapis_ore":1,"minecraft:bookshelf":24,"minecraft:deepslate_iron_ore":16,"minecraft:oak_stairs":4,"minecraft:stone":144,"minecraft:oak_slab":1,"minecraft:deepslate_redstone_ore":19,"minecraft:birch_stairs":1,"minecraft:glass_pane":1,"travelersbackpack:standard":1,"minecraft:crafting_table":5,"minecraft:torch":14,"minecraft:copper_ore":5,"minecraft:cobblestone":4,"minecraft:deepslate_gold_ore":1,"minecraft:diorite":13,"minecraft:wall_torch":6,"minecraft:spruce_stairs":1,"minecraft:birch_planks":6,"minecraft:grass":22,"minecraft:cracked_deepslate_tiles":1,"minecraft:oak_log":11,"minecraft:coal_ore":30,"minecraft:gravel":11,"minecraft:dirt":3,"minecraft:cobweb":19,"minecraft:cracked_stone_bricks":1,"minecraft:polished_andesite":1,"minecraft:gold_ore":6,"minecraft:oak_leaves":5,"minecraft:deepslate":195},"minecraft:dropped":{"minecraft:crafting_table":1,"minecraft:feather":2,"minecraft:leather":6,"minecraft:dirt":4,"minecraft:furnace":1,"minecraft:stone_axe":1,"minecraft:stone_sword":1,"minecraft:cobbled_deepslate":51,"minecraft:rotten_flesh":8,"minecraft:oak_planks":2,"minecraft:cooked_mutton":4,"minecraft:wooden_pickaxe":4},"minecraft:custom":{"minecraft:mob_kills":33,"minecraft:animals_bred":1,"minecraft:interact_with_crafting_table":29,"minecraft:bell_ring":1,"minecraft:leave_game":5,"minecraft:time_since_death":88291,"minecraft:climb_one_cm":7554,"minecraft:sprint_one_cm":543011,"minecraft:walk_one_cm":645928,"minecraft:drop":43,"minecraft:talked_to_villager":4,"minecraft:play_time":223075,"minecraft:deaths":1,"minecraft:sneak_time":1622,"minecraft:walk_under_water_one_cm":28862,"minecraft:boat_one_cm":92340,"minecraft:jump":2342,"minecraft:walk_on_water_one_cm":46963,"minecraft:total_world_time":223075,"minecraft:interact_with_furnace":23,"minecraft:sleep_in_bed":12,"minecraft:time_since_rest":11912,"minecraft:damage_taken":1284,"minecraft:damage_dealt":3371,"minecraft:swim_one_cm":25342,"minecraft:fly_one_cm":915428,"minecraft:player_kills":1,"minecraft:open_chest":72,"minecraft:crouch_one_cm":2330,"minecraft:interact_with_smoker":1,"minecraft:fall_one_cm":35446,"minecraft:horse_one_cm":75522},"minecraft:crafted":{"minecraft:smooth_stone":1,"minecraft:oak_planks":46,"minecraft:cooked_chicken":5,"minecraft:furnace":1,"minecraft:stone":1,"minecraft:cooked_mutton":4,"travelersbackpack:white_sleeping_bag":1,"minecraft:iron_boots":1,"minecraft:stone_pickaxe":3,"minecraft:chest":4,"minecraft:cooked_beef":7,"minecraft:cooked_porkchop":2,"minecraft:crafting_table":3,"travelersbackpack:backpack_tank":2,"minecraft:wooden_pickaxe":1,"travelersbackpack:standard":1,"minecraft:iron_helmet":1,"minecraft:iron_sword":1,"minecraft:birch_planks":40,"minecraft:stone_axe":1,"minecraft:oak_boat":1,"minecraft:stick":24,"minecraft:iron_ingot":17,"minecraft:iron_pickaxe":1,"minecraft:stone_sword":1,"minecraft:gold_ingot":1,"minecraft:torch":32},"minecraft:used":{"minecraft:stone_sword":116,"minecraft:chest":3,"minecraft:spruce_planks":1,"minecraft:stone":8,"minecraft:iron_sword":25,"minecraft:cooked_chicken":3,"minecraft:torch":56,"minecraft:dirt":2,"minecraft:tuff":2,"minecraft:granite":6,"minecraft:grass_block":2,"minecraft:furnace":3,"minecraft:egg":1,"minecraft:cooked_beef":3,"minecraft:light_gray_bed":1,"minecraft:cooked_mutton":2,"minecraft:diorite":13,"minecraft:birch_planks":20,"minecraft:oak_planks":2,"minecraft:stone_pickaxe":264,"minecraft:wooden_pickaxe":13,"minecraft:cookie":54,"minecraft:crafting_table":8,"minecraft:apple":1,"minecraft:bread":1,"minecraft:iron_pickaxe":242,"minecraft:gravel":4,"minecraft:stone_axe":58,"minecraft:cobblestone":96,"travelersbackpack:standard":12,"minecraft:cooked_porkchop":3,"minecraft:andesite":2,"minecraft:birch_log":1,"minecraft:pumpkin_pie":6,"minecraft:oak_boat":1},"minecraft:broken":{"minecraft:stone_pickaxe":1}},"DataVersion":3465}