{"stats":{"minecraft:dropped":{"minecraft:cooked_mutton":4},"minecraft:crafted":{"minecraft:oak_planks":46,"minecraft:cooked_porkchop":2,"minecraft:crafting_table":1,"minecraft:wooden_pickaxe":1,"minecraft:cooked_chicken":3,"minecraft:stone_axe":1,"minecraft:cooked_mutton":4,"travelersbackpack:white_sleeping_bag":1,"minecraft:stick":8,"minecraft:stone_pickaxe":1,"minecraft:stone_sword":1,"minecraft:chest":2,"minecraft:torch":4},"minecraft:custom":{"minecraft:interact_with_furnace":6,"minecraft:mob_kills":9,"minecraft:interact_with_crafting_table":8,"minecraft:bell_ring":1,"minecraft:leave_game":1,"minecraft:time_since_death":52795,"minecraft:sleep_in_bed":4,"minecraft:climb_one_cm":1556,"minecraft:time_since_rest":8625,"minecraft:sprint_one_cm":229684,"minecraft:damage_taken":215,"minecraft:walk_one_cm":215116,"minecraft:drop":4,"minecraft:damage_dealt":555,"minecraft:swim_one_cm":4938,"minecraft:talked_to_villager":2,"minecraft:fly_one_cm":131373,"minecraft:open_chest":6,"minecraft:crouch_one_cm":521,"minecraft:play_time":52795,"minecraft:sneak_time":689,"minecraft:walk_under_water_one_cm":8475,"minecraft:jump":708,"minecraft:walk_on_water_one_cm":12302,"minecraft:total_world_time":52795,"minecraft:fall_one_cm":10766},"minecraft:killed":{"minecraft:pig":1,"minecraft:salmon":1,"minecraft:spider":1,"minecraft:sheep":3,"minecraft:chicken":3},"minecraft:used":{"minecraft:cooked_mutton":2,"minecraft:stone_sword":25,"minecraft:stone_pickaxe":19,"minecraft:chest":1,"minecraft:wooden_pickaxe":13,"minecraft:cooked_chicken":3,"minecraft:cookie":7,"minecraft:torch":2,"minecraft:crafting_table":4,"minecraft:apple":1,"minecraft:stone_axe":47,"minecraft:furnace":1,"minecraft:cooked_porkchop":1,"minecraft:egg":1},"minecraft:picked_up":{"minecraft:crafting_table":3,"minecraft:feather":6,"minecraft:chicken":3,"minecraft:birch_slab":1,"minecraft:salmon":4,"minecraft:oak_stairs":4,"minecraft:birch_planks":4,"minecraft:oak_log":12,"minecraft:dirt":3,"minecraft:cooked_mutton":2,"minecraft:apple":1,"minecraft:wheat_seeds":1,"minecraft:spruce_planks":3,"minecraft:egg":5,"minecraft:furnace":1,"minecraft:book":96,"minecraft:oak_slab":1,"minecraft:pumpkin":4,"minecraft:torch":1,"minecraft:porkchop":2,"minecraft:birch_stairs":1,"minecraft:cookie":54,"minecraft:hay_block":1,"minecraft:mutton":4,"minecraft:coal":19,"minecraft:white_wool":3,"minecraft:cobblestone":10},"minecraft:mined":{"minecraft:oak_slab":1,"minecraft:birch_stairs":1,"minecraft:spruce_planks":3,"minecraft:crafting_table":3,"minecraft:torch":1,"minecraft:birch_slab":1,"minecraft:birch_planks":6,"minecraft:furnace":1,"minecraft:pumpkin":4,"minecraft:grass":22,"minecraft:bookshelf":24,"minecraft:oak_log":11,"minecraft:coal_ore":19,"minecraft:oak_stairs":4,"minecraft:dirt":3,"minecraft:stone":10,"minecraft:oak_leaves":3}},"DataVersion":3465}