{"stats":{"minecraft:dropped":{"minecraft:cooked_mutton":4},"minecraft:crafted":{"minecraft:oak_planks":44,"travelersbackpack:white_sleeping_bag":1,"minecraft:cooked_porkchop":2,"minecraft:crafting_table":1,"minecraft:stick":8,"minecraft:wooden_pickaxe":1,"minecraft:cooked_chicken":3,"minecraft:stone_pickaxe":1,"minecraft:stone_sword":1,"minecraft:stone_axe":1,"minecraft:cooked_mutton":4},"minecraft:custom":{"minecraft:time_since_rest":9714,"minecraft:interact_with_furnace":6,"minecraft:sprint_one_cm":178091,"minecraft:damage_taken":165,"minecraft:walk_one_cm":176750,"minecraft:mob_kills":9,"minecraft:drop":4,"minecraft:damage_dealt":555,"minecraft:interact_with_crafting_table":3,"minecraft:swim_one_cm":4938,"minecraft:fly_one_cm":98598,"minecraft:talked_to_villager":2,"minecraft:open_chest":1,"minecraft:play_time":40795,"minecraft:crouch_one_cm":521,"minecraft:sneak_time":649,"minecraft:walk_under_water_one_cm":4816,"minecraft:jump":495,"minecraft:leave_game":1,"minecraft:time_since_death":40795,"minecraft:walk_on_water_one_cm":11661,"minecraft:sleep_in_bed":3,"minecraft:total_world_time":40795,"minecraft:climb_one_cm":1556,"minecraft:fall_one_cm":7158},"minecraft:killed":{"minecraft:sheep":3,"minecraft:pig":1,"minecraft:chicken":3,"minecraft:salmon":1,"minecraft:spider":1},"minecraft:used":{"minecraft:apple":1,"minecraft:wooden_pickaxe":13,"minecraft:cooked_chicken":3,"minecraft:stone_axe":45,"minecraft:crafting_table":2,"minecraft:cooked_porkchop":1,"minecraft:egg":1,"minecraft:stone_sword":24,"minecraft:cooked_mutton":2},"minecraft:picked_up":{"minecraft:book":96,"minecraft:oak_slab":1,"minecraft:crafting_table":2,"minecraft:feather":6,"minecraft:chicken":3,"minecraft:birch_slab":1,"minecraft:pumpkin":4,"minecraft:salmon":4,"minecraft:oak_stairs":3,"minecraft:birch_planks":4,"minecraft:porkchop":2,"minecraft:birch_stairs":1,"minecraft:oak_log":12,"minecraft:dirt":3,"minecraft:cooked_mutton":2,"minecraft:apple":1,"minecraft:wheat_seeds":1,"minecraft:spruce_planks":3,"minecraft:hay_block":1,"minecraft:mutton":4,"minecraft:coal":2,"minecraft:white_wool":3,"minecraft:cobblestone":9,"minecraft:egg":5},"minecraft:mined":{"minecraft:birch_stairs":1,"minecraft:oak_slab":1,"minecraft:birch_planks":6,"minecraft:spruce_planks":3,"minecraft:pumpkin":4,"minecraft:crafting_table":2,"minecraft:grass":16,"minecraft:coal_ore":2,"minecraft:bookshelf":24,"minecraft:oak_log":11,"minecraft:oak_stairs":3,"minecraft:dirt":3,"minecraft:birch_slab":1,"minecraft:stone":9,"minecraft:oak_leaves":3}},"DataVersion":3465}