{"stats":{"minecraft:crafted":{"minecraft:crafting_table":1,"minecraft:oak_planks":44},"minecraft:custom":{"minecraft:jump":9,"minecraft:time_since_rest":5530,"minecraft:damage_taken":10,"minecraft:sprint_one_cm":1271,"minecraft:play_time":5530,"minecraft:time_since_death":5530,"minecraft:walk_one_cm":8453,"minecraft:total_world_time":5530,"minecraft:fly_one_cm":414},"minecraft:picked_up":{"minecraft:oak_log":11},"minecraft:mined":{"minecraft:grass":1,"minecraft:oak_log":11,"minecraft:oak_leaves":3}},"DataVersion":3465}