{"stats":{"minecraft:killed_by":{"minecraft:cave_spider":1},"minecraft:crafted":{"minecraft:oak_planks":46,"minecraft:cooked_porkchop":2,"minecraft:crafting_table":3,"travelersbackpack:backpack_tank":1,"minecraft:wooden_pickaxe":1,"minecraft:cooked_chicken":3,"minecraft:iron_sword":1,"minecraft:furnace":1,"minecraft:stone_axe":1,"minecraft:cooked_mutton":4,"minecraft:oak_boat":1,"travelersbackpack:white_sleeping_bag":1,"minecraft:stick":20,"minecraft:iron_pickaxe":1,"minecraft:iron_ingot":11,"minecraft:stone_pickaxe":3,"minecraft:stone_sword":1,"minecraft:chest":2,"minecraft:torch":16},"minecraft:custom":{"minecraft:interact_with_furnace":11,"minecraft:mob_kills":20,"minecraft:animals_bred":1,"minecraft:interact_with_crafting_table":14,"minecraft:bell_ring":1,"minecraft:leave_game":1,"minecraft:time_since_death":2011,"minecraft:sleep_in_bed":7,"minecraft:climb_one_cm":3048,"minecraft:time_since_rest":2685,"minecraft:sprint_one_cm":448479,"minecraft:damage_taken":1038,"minecraft:walk_one_cm":456188,"minecraft:drop":21,"minecraft:damage_dealt":2113,"minecraft:swim_one_cm":22434,"minecraft:talked_to_villager":2,"minecraft:fly_one_cm":258517,"minecraft:player_kills":1,"minecraft:deaths":1,"minecraft:open_chest":32,"minecraft:crouch_one_cm":1720,"minecraft:play_time":136795,"minecraft:sneak_time":1512,"minecraft:walk_under_water_one_cm":24880,"minecraft:boat_one_cm":92340,"minecraft:jump":1535,"minecraft:walk_on_water_one_cm":44723,"minecraft:interact_with_smoker":1,"minecraft:total_world_time":136795,"minecraft:fall_one_cm":23699},"minecraft:dropped":{"minecraft:furnace":1,"minecraft:stone_axe":1,"minecraft:stone_sword":1,"minecraft:cobbled_deepslate":34,"minecraft:crafting_table":1,"minecraft:rotten_flesh":8,"minecraft:leather":6,"minecraft:cooked_mutton":4,"minecraft:dirt":4,"minecraft:wooden_pickaxe":2},"minecraft:killed":{"minecraft:pig":1,"minecraft:zombie_villager":1,"minecraft:salmon":5,"minecraft:spider":1,"minecraft:sheep":3,"minecraft:skeleton":1,"minecraft:zombie":3,"minecraft:chicken":3},"minecraft:used":{"minecraft:cooked_mutton":2,"minecraft:diorite":13,"minecraft:stone_sword":106,"minecraft:birch_planks":2,"minecraft:oak_planks":2,"minecraft:stone_pickaxe":175,"minecraft:spruce_planks":1,"minecraft:chest":2,"minecraft:wooden_pickaxe":13,"minecraft:cooked_chicken":3,"minecraft:cookie":54,"minecraft:torch":27,"minecraft:crafting_table":8,"minecraft:tuff":2,"minecraft:granite":1,"minecraft:apple":1,"minecraft:bread":1,"minecraft:iron_pickaxe":35,"minecraft:stone_axe":58,"minecraft:cobblestone":12,"minecraft:furnace":3,"minecraft:cooked_porkchop":1,"minecraft:birch_log":1,"minecraft:andesite":2,"minecraft:pumpkin_pie":6,"minecraft:oak_boat":1,"minecraft:egg":1,"minecraft:light_gray_bed":1},"minecraft:broken":{"minecraft:stone_pickaxe":1},"minecraft:picked_up":{"minecraft:birch_log":11,"minecraft:crafting_table":6,"minecraft:feather":6,"minecraft:andesite":2,"minecraft:chicken":3,"minecraft:birch_slab":1,"minecraft:salmon":8,"minecraft:wooden_pickaxe":1,"minecraft:oak_stairs":4,"minecraft:birch_planks":4,"minecraft:tuff":2,"minecraft:oak_log":12,"minecraft:string":17,"minecraft:lapis_lazuli":9,"minecraft:dirt":7,"minecraft:raw_copper":18,"minecraft:cooked_mutton":2,"minecraft:glass":12,"minecraft:bone":2,"minecraft:apple":1,"minecraft:wheat_seeds":2,"minecraft:cobbled_deepslate":34,"minecraft:raw_gold":1,"minecraft:spruce_planks":4,"minecraft:beef":2,"minecraft:iron_pickaxe":1,"minecraft:egg":5,"minecraft:furnace":3,"minecraft:book":96,"minecraft:oak_slab":1,"minecraft:raw_iron":12,"minecraft:cooked_porkchop":4,"minecraft:pumpkin":6,"minecraft:torch":11,"minecraft:spruce_stairs":1,"minecraft:porkchop":2,"minecraft:birch_stairs":1,"minecraft:cookie":54,"minecraft:diorite":13,"minecraft:redstone":74,"minecraft:rabbit_foot":1,"minecraft:stone_sword":1,"minecraft:arrow":4,"minecraft:light_gray_bed":2,"minecraft:rotten_flesh":8,"minecraft:stone_axe":1,"minecraft:hay_block":1,"minecraft:granite":1,"minecraft:mutton":4,"minecraft:coal":25,"minecraft:white_wool":3,"minecraft:cobblestone":103},"minecraft:mined":{"minecraft:deepslate_redstone_ore":19,"minecraft:oak_slab":1,"minecraft:birch_stairs":1,"minecraft:tuff":2,"minecraft:spruce_planks":4,"minecraft:glass_pane":1,"travelersbackpack:standard":1,"minecraft:granite":1,"minecraft:crafting_table":5,"minecraft:torch":9,"minecraft:grass_block":1,"minecraft:light_gray_bed":2,"minecraft:copper_ore":5,"minecraft:cobblestone":3,"minecraft:birch_slab":1,"minecraft:deepslate_gold_ore":1,"minecraft:diorite":13,"minecraft:wall_torch":5,"minecraft:spruce_stairs":1,"minecraft:birch_planks":6,"minecraft:furnace":2,"minecraft:iron_ore":1,"minecraft:andesite":2,"minecraft:pumpkin":4,"minecraft:deepslate_lapis_ore":1,"minecraft:grass":22,"minecraft:cracked_deepslate_tiles":1,"minecraft:bookshelf":24,"minecraft:oak_log":11,"minecraft:coal_ore":26,"minecraft:deepslate_iron_ore":14,"minecraft:oak_stairs":4,"minecraft:dirt":3,"minecraft:cobweb":19,"minecraft:stone":112,"minecraft:deepslate":16,"minecraft:oak_leaves":3}},"DataVersion":3465}