{"stats":{"minecraft:dropped":{"minecraft:rotten_flesh":1,"minecraft:azure_bluet":1,"minecraft:poppy":1,"minecraft:wooden_axe":1,"minecraft:wooden_pickaxe":1},"minecraft:killed_by":{"minecraft:player":1},"minecraft:custom":{"minecraft:interact_with_furnace":31,"minecraft:mob_kills":26,"minecraft:interact_with_crafting_table":24,"minecraft:leave_game":2,"minecraft:time_since_death":21043,"minecraft:sleep_in_bed":8,"minecraft:climb_one_cm":1489,"minecraft:time_since_rest":17790,"minecraft:sprint_one_cm":236145,"minecraft:damage_taken":1046,"minecraft:walk_one_cm":317036,"minecraft:drop":5,"minecraft:damage_dealt":3778,"minecraft:fly_one_cm":270302,"minecraft:swim_one_cm":35430,"minecraft:talked_to_villager":11,"minecraft:open_chest":27,"minecraft:crouch_one_cm":77,"minecraft:play_time":101161,"minecraft:deaths":1,"minecraft:sneak_time":202,"minecraft:walk_under_water_one_cm":13723,"minecraft:jump":1408,"minecraft:walk_on_water_one_cm":17413,"minecraft:total_world_time":101161,"minecraft:fall_one_cm":37468},"minecraft:crafted":{"minecraft:cooked_beef":5,"minecraft:oak_planks":60,"minecraft:stone_shovel":2,"minecraft:cooked_porkchop":11,"minecraft:crafting_table":2,"travelersbackpack:backpack_tank":2,"travelersbackpack:standard":1,"minecraft:wooden_pickaxe":1,"minecraft:furnace":2,"minecraft:stone_axe":2,"minecraft:cooked_mutton":4,"minecraft:glass":24,"travelersbackpack:white_sleeping_bag":1,"minecraft:stick":28,"minecraft:iron_ingot":6,"minecraft:iron_pickaxe":1,"minecraft:stone_pickaxe":3,"minecraft:wooden_axe":1,"minecraft:chest":1,"minecraft:torch":32},"minecraft:killed":{"minecraft:pig":6,"minecraft:spider":2,"minecraft:creeper":2,"minecraft:skeleton":2,"minecraft:sheep":4,"minecraft:zombie":6,"minecraft:cow":4},"minecraft:used":{"minecraft:cooked_mutton":3,"minecraft:stone_shovel":100,"minecraft:stone_pickaxe":348,"minecraft:chest":1,"minecraft:wooden_pickaxe":6,"minecraft:torch":18,"minecraft:dirt":8,"minecraft:crafting_table":3,"minecraft:wooden_axe":22,"minecraft:apple":16,"minecraft:bread":3,"minecraft:iron_pickaxe":60,"travelersbackpack:white_sleeping_bag":4,"minecraft:stone_axe":128,"minecraft:cobblestone":53,"travelersbackpack:standard":5,"minecraft:furnace":4,"minecraft:cooked_beef":2},"minecraft:broken":{"minecraft:stone_axe":1,"minecraft:stone_pickaxe":2},"minecraft:picked_up":{"minecraft:wooden_axe":1,"minecraft:birch_log":11,"minecraft:crafting_table":3,"minecraft:azure_bluet":1,"minecraft:leather":12,"minecraft:wooden_pickaxe":1,"minecraft:oak_log":48,"minecraft:gunpowder":1,"minecraft:dirt":26,"minecraft:string":4,"minecraft:raw_copper":22,"minecraft:leather_boots":1,"minecraft:cooked_mutton":2,"minecraft:bone":3,"minecraft:stone_bricks":10,"minecraft:bow":1,"minecraft:cracked_stone_bricks":6,"minecraft:wheat_seeds":1,"minecraft:cobbled_deepslate":3,"minecraft:smooth_stone":2,"minecraft:stone_pickaxe":2,"minecraft:iron_ingot":1,"minecraft:beef":5,"minecraft:poppy":2,"minecraft:iron_pickaxe":1,"minecraft:chest":1,"minecraft:sugar_cane":21,"minecraft:birch_sapling":2,"minecraft:oak_planks":15,"minecraft:furnace":3,"minecraft:raw_iron":19,"minecraft:cooked_porkchop":5,"minecraft:pumpkin":2,"minecraft:torch":42,"minecraft:porkchop":11,"minecraft:sand":108,"minecraft:diorite":9,"minecraft:redstone":5,"minecraft:spider_eye":2,"travelersbackpack:standard":1,"travelersbackpack:white_sleeping_bag":4,"minecraft:polished_andesite":10,"minecraft:arrow":5,"minecraft:stone_shovel":2,"minecraft:rotten_flesh":5,"minecraft:emerald":1,"minecraft:oak_sapling":7,"minecraft:mutton":4,"minecraft:coal":165,"minecraft:white_wool":5,"minecraft:cobblestone":236},"minecraft:mined":{"minecraft:deepslate_redstone_ore":1,"minecraft:tuff":1,"minecraft:crafting_table":2,"minecraft:torch":1,"minecraft:granite":4,"minecraft:emerald_ore":1,"minecraft:grass_block":14,"minecraft:poppy":1,"minecraft:chest":1,"minecraft:copper_ore":6,"travelersbackpack:white_sleeping_bag":4,"minecraft:cobblestone":1,"minecraft:sugar_cane":14,"minecraft:diorite":9,"minecraft:wall_torch":11,"minecraft:smooth_stone":1,"minecraft:furnace":3,"minecraft:birch_log":11,"minecraft:iron_ore":10,"minecraft:birch_leaves":2,"minecraft:andesite":1,"minecraft:pumpkin":2,"minecraft:azure_bluet":1,"minecraft:grass":2,"minecraft:coal_ore":116,"minecraft:bookshelf":8,"minecraft:oak_log":50,"minecraft:deepslate_iron_ore":9,"minecraft:dirt":7,"minecraft:sand":76,"minecraft:cracked_stone_bricks":3,"minecraft:stone":207,"minecraft:stone_bricks":7,"minecraft:polished_andesite":5,"minecraft:deepslate":3,"minecraft:oak_leaves":10}},"DataVersion":3465}