{"stats":{"minecraft:killed_by":{"minecraft:player":1},"minecraft:killed":{"minecraft:cave_spider":1,"minecraft:witch":1,"minecraft:vindicator":2,"minecraft:endermite":2,"minecraft:spider":7,"minecraft:skeleton":8,"minecraft:silverfish":3,"minecraft:pig":8,"minecraft:zombie_villager":7,"minecraft:creeper":2,"minecraft:sheep":8,"minecraft:pillager":5,"minecraft:zombie":31,"minecraft:cow":13},"minecraft:mined":{"minecraft:red_carpet":1,"minecraft:tuff":17,"minecraft:white_bed":4,"minecraft:oak_sapling":1,"minecraft:deepslate_diamond_ore":4,"minecraft:brewing_stand":1,"minecraft:dark_oak_fence":2,"minecraft:granite":30,"minecraft:chiseled_bookshelf":20,"minecraft:grass_block":186,"travelersbackpack:white_sleeping_bag":4,"minecraft:smooth_stone":1,"minecraft:furnace":4,"minecraft:iron_ore":27,"minecraft:andesite":4,"minecraft:pumpkin":2,"minecraft:deepslate_lapis_ore":4,"minecraft:azure_bluet":1,"minecraft:bookshelf":33,"minecraft:deepslate_iron_ore":25,"minecraft:oak_stairs":1,"minecraft:stone":335,"minecraft:deepslate_redstone_ore":3,"minecraft:infested_stone_bricks":2,"minecraft:amethyst_cluster":1,"minecraft:crafting_table":3,"minecraft:torch":18,"minecraft:emerald_ore":1,"minecraft:calcite":47,"minecraft:poppy":1,"minecraft:chest":1,"minecraft:copper_ore":12,"minecraft:cobblestone":14,"minecraft:lapis_ore":2,"minecraft:deepslate_gold_ore":6,"minecraft:oak_planks":6,"minecraft:sugar_cane":18,"minecraft:diorite":9,"minecraft:wall_torch":21,"minecraft:amethyst_block":21,"minecraft:seagrass":2,"minecraft:birch_log":17,"minecraft:white_carpet":1,"minecraft:birch_leaves":3,"minecraft:grass":30,"minecraft:oak_log":557,"minecraft:coal_ore":142,"minecraft:sand":89,"minecraft:dirt":99,"minecraft:infested_cracked_stone_bricks":1,"minecraft:cobweb":19,"minecraft:cracked_stone_bricks":7,"minecraft:smooth_basalt":4,"minecraft:polished_andesite":8,"minecraft:stone_bricks":19,"minecraft:mossy_stone_bricks":1,"minecraft:oak_leaves":125,"minecraft:deepslate":35},"minecraft:picked_up":{"minecraft:wooden_axe":1,"minecraft:crafting_table":5,"minecraft:azure_bluet":1,"minecraft:splash_potion":1,"minecraft:wooden_pickaxe":1,"minecraft:enchanted_book":13,"minecraft:brewing_stand":1,"minecraft:amethyst_block":20,"minecraft:string":49,"minecraft:raw_copper":42,"minecraft:cracked_stone_bricks":7,"minecraft:cobbled_deepslate":40,"minecraft:smooth_stone":2,"minecraft:beef":21,"minecraft:oak_boat":2,"minecraft:calcite":45,"minecraft:poppy":3,"minecraft:iron_pickaxe":1,"minecraft:sugar_cane":26,"minecraft:chest":1,"minecraft:birch_sapling":2,"minecraft:egg":1,"minecraft:furnace":4,"minecraft:stick":66,"minecraft:raw_iron":55,"minecraft:torch":72,"minecraft:porkchop":14,"minecraft:diorite":9,"minecraft:redstone":27,"minecraft:arrow":12,"minecraft:rotten_flesh":31,"minecraft:stone_shovel":2,"minecraft:mutton":7,"minecraft:white_wool":8,"minecraft:cobblestone":371,"minecraft:birch_log":17,"minecraft:leather":21,"minecraft:tuff":16,"minecraft:oak_log":549,"minecraft:gunpowder":1,"minecraft:lapis_lazuli":41,"minecraft:dirt":233,"minecraft:leather_boots":2,"minecraft:cooked_mutton":2,"minecraft:red_carpet":1,"minecraft:bone":13,"minecraft:apple":11,"minecraft:stone_bricks":21,"minecraft:bow":2,"minecraft:wheat_seeds":7,"minecraft:raw_gold":6,"minecraft:stone_pickaxe":4,"minecraft:iron_ingot":1,"minecraft:iron_sword":2,"minecraft:oak_planks":21,"minecraft:book":118,"minecraft:cooked_porkchop":9,"minecraft:pumpkin":2,"minecraft:sand":121,"minecraft:amethyst_shard":4,"minecraft:white_bed":4,"minecraft:spider_eye":6,"travelersbackpack:white_sleeping_bag":4,"travelersbackpack:standard":1,"minecraft:polished_andesite":11,"minecraft:diamond":4,"minecraft:writable_book":3,"minecraft:crossbow":1,"minecraft:emerald":5,"minecraft:oak_sapling":122,"minecraft:coal":203},"minecraft:dropped":{"minecraft:enchanted_book":8,"minecraft:iron_sword":2,"minecraft:cooked_porkchop":8,"minecraft:cobblestone":71,"minecraft:cracked_stone_bricks":3,"minecraft:coal":2,"minecraft:polished_andesite":5,"minecraft:dirt":13,"minecraft:wooden_axe":2,"minecraft:writable_book":1,"minecraft:iron_pickaxe":1,"minecraft:string":13,"minecraft:white_wool":1,"minecraft:bone":4,"minecraft:birch_sapling":1,"minecraft:rotten_flesh":3,"minecraft:azure_bluet":1,"minecraft:poppy":2,"minecraft:leather_boots":2,"minecraft:spider_eye":2,"minecraft:arrow":5,"minecraft:bow":1,"minecraft:wooden_pickaxe":1,"minecraft:stone_pickaxe":2},"minecraft:custom":{"minecraft:interact_with_smithing_table":3,"minecraft:mob_kills":99,"minecraft:interact_with_crafting_table":46,"minecraft:bell_ring":3,"minecraft:leave_game":5,"minecraft:time_since_death":284070,"minecraft:climb_one_cm":5435,"minecraft:sprint_one_cm":746305,"minecraft:walk_one_cm":1054334,"minecraft:drop":47,"minecraft:talked_to_villager":19,"minecraft:play_time":364188,"minecraft:sneak_time":440,"minecraft:deaths":1,"minecraft:walk_under_water_one_cm":57924,"minecraft:boat_one_cm":198495,"minecraft:jump":4276,"minecraft:interact_with_brewingstand":1,"minecraft:walk_on_water_one_cm":62538,"minecraft:total_world_time":364188,"minecraft:interact_with_furnace":58,"minecraft:interact_with_grindstone":1,"minecraft:sleep_in_bed":18,"minecraft:time_since_rest":714,"minecraft:damage_taken":3098,"minecraft:damage_dealt":15754,"minecraft:swim_one_cm":57194,"minecraft:fly_one_cm":707602,"minecraft:open_chest":86,"minecraft:crouch_one_cm":299,"minecraft:interact_with_smoker":1,"minecraft:fall_one_cm":116284},"minecraft:crafted":{"minecraft:oak_planks":104,"minecraft:stone_shovel":2,"travelersbackpack:crafting_upgrade":1,"minecraft:furnace":2,"travelersbackpack:blank_upgrade":4,"minecraft:cooked_mutton":4,"minecraft:glass":37,"travelersbackpack:white_sleeping_bag":1,"minecraft:iron_axe":2,"minecraft:stone_pickaxe":6,"minecraft:chest":3,"minecraft:cooked_beef":19,"minecraft:wooden_shovel":1,"minecraft:cooked_porkchop":11,"minecraft:crafting_table":2,"travelersbackpack:backpack_tank":4,"minecraft:wooden_pickaxe":1,"travelersbackpack:standard":2,"minecraft:iron_sword":1,"minecraft:smithing_table":1,"minecraft:bucket":1,"minecraft:stone_axe":3,"minecraft:oak_boat":1,"minecraft:iron_chestplate":1,"minecraft:stick":56,"minecraft:iron_ingot":37,"minecraft:iron_pickaxe":3,"minecraft:wooden_axe":1,"minecraft:iron_shovel":1,"minecraft:iron_leggings":1,"minecraft:white_bed":1,"minecraft:torch":48},"minecraft:used":{"minecraft:iron_shovel":159,"minecraft:stone_shovel":110,"minecraft:chest":2,"minecraft:iron_sword":236,"minecraft:wooden_shovel":61,"minecraft:torch":77,"minecraft:dirt":198,"minecraft:spyglass":3,"minecraft:glass":1,"minecraft:wooden_axe":22,"minecraft:iron_axe":589,"minecraft:oak_sapling":103,"minecraft:furnace":5,"minecraft:cooked_beef":11,"minecraft:cooked_mutton":6,"minecraft:water_bucket":6,"minecraft:diorite":9,"minecraft:stone_pickaxe":543,"minecraft:oak_planks":6,"minecraft:wooden_pickaxe":6,"minecraft:crafting_table":4,"minecraft:white_bed":5,"minecraft:oak_log":52,"minecraft:apple":19,"minecraft:bread":28,"minecraft:iron_pickaxe":295,"travelersbackpack:white_sleeping_bag":4,"minecraft:stone_axe":252,"travelersbackpack:standard":9,"minecraft:cobblestone":215,"minecraft:cooked_porkchop":7,"minecraft:smithing_table":1,"minecraft:bucket":11,"minecraft:oak_boat":3},"minecraft:broken":{"minecraft:wooden_shovel":1,"minecraft:stone_pickaxe":4,"minecraft:iron_axe":2,"minecraft:stone_axe":2,"minecraft:iron_sword":1}},"DataVersion":3465}