{"stats":{"minecraft:killed_by":{"minecraft:player":1},"minecraft:custom":{"minecraft:mob_kills":48,"minecraft:interact_with_crafting_table":32,"minecraft:leave_game":3,"minecraft:time_since_death":60707,"minecraft:climb_one_cm":4301,"minecraft:sprint_one_cm":294448,"minecraft:walk_one_cm":522102,"minecraft:drop":16,"minecraft:talked_to_villager":11,"minecraft:play_time":140825,"minecraft:deaths":1,"minecraft:sneak_time":221,"minecraft:walk_under_water_one_cm":23143,"minecraft:jump":1855,"minecraft:walk_on_water_one_cm":38380,"minecraft:total_world_time":140825,"minecraft:interact_with_furnace":35,"minecraft:sleep_in_bed":8,"minecraft:time_since_rest":57454,"minecraft:damage_taken":1470,"minecraft:damage_dealt":7358,"minecraft:swim_one_cm":35430,"minecraft:fly_one_cm":296647,"minecraft:open_chest":35,"minecraft:crouch_one_cm":137,"minecraft:fall_one_cm":44136},"minecraft:crafted":{"minecraft:oak_planks":64,"minecraft:stone_shovel":2,"minecraft:furnace":2,"minecraft:cooked_mutton":4,"minecraft:glass":24,"travelersbackpack:white_sleeping_bag":1,"minecraft:stone_pickaxe":5,"minecraft:chest":1,"minecraft:cooked_beef":5,"minecraft:cooked_porkchop":11,"minecraft:crafting_table":2,"travelersbackpack:backpack_tank":2,"minecraft:wooden_pickaxe":1,"travelersbackpack:standard":1,"minecraft:iron_sword":1,"minecraft:bucket":1,"minecraft:stone_axe":2,"minecraft:iron_chestplate":1,"minecraft:stick":36,"minecraft:iron_ingot":19,"minecraft:iron_pickaxe":2,"minecraft:wooden_axe":1,"minecraft:torch":32},"minecraft:dropped":{"minecraft:enchanted_book":2,"minecraft:cooked_porkchop":8,"minecraft:dirt":12,"minecraft:wooden_axe":1,"minecraft:iron_pickaxe":1,"minecraft:string":13,"minecraft:rotten_flesh":1,"minecraft:azure_bluet":1,"minecraft:poppy":1,"minecraft:arrow":1,"minecraft:stone_pickaxe":2,"minecraft:wooden_pickaxe":1},"minecraft:killed":{"minecraft:cave_spider":1,"minecraft:endermite":2,"minecraft:spider":2,"minecraft:skeleton":4,"minecraft:silverfish":1,"minecraft:pig":6,"minecraft:zombie_villager":3,"minecraft:creeper":2,"minecraft:sheep":4,"minecraft:zombie":19,"minecraft:cow":4},"minecraft:used":{"minecraft:stone_shovel":110,"minecraft:chest":1,"minecraft:iron_sword":82,"minecraft:torch":36,"minecraft:dirt":8,"minecraft:wooden_axe":22,"minecraft:iron_axe":24,"minecraft:furnace":5,"minecraft:cooked_beef":4,"minecraft:cooked_mutton":3,"minecraft:water_bucket":1,"minecraft:diorite":9,"minecraft:stone_pickaxe":399,"minecraft:wooden_pickaxe":6,"minecraft:crafting_table":4,"minecraft:apple":17,"minecraft:bread":3,"minecraft:iron_pickaxe":110,"travelersbackpack:white_sleeping_bag":4,"minecraft:stone_axe":128,"minecraft:cobblestone":90,"travelersbackpack:standard":7,"minecraft:cooked_porkchop":4,"minecraft:bucket":5},"minecraft:broken":{"minecraft:stone_pickaxe":3,"minecraft:stone_axe":1},"minecraft:picked_up":{"minecraft:wooden_axe":1,"minecraft:crafting_table":5,"minecraft:azure_bluet":1,"minecraft:wooden_pickaxe":1,"minecraft:enchanted_book":6,"minecraft:string":32,"minecraft:raw_copper":22,"minecraft:cracked_stone_bricks":7,"minecraft:cobbled_deepslate":40,"minecraft:smooth_stone":2,"minecraft:beef":5,"minecraft:poppy":2,"minecraft:iron_pickaxe":1,"minecraft:sugar_cane":21,"minecraft:chest":1,"minecraft:birch_sapling":2,"minecraft:furnace":4,"minecraft:raw_iron":38,"minecraft:torch":47,"minecraft:porkchop":11,"minecraft:diorite":9,"minecraft:redstone":27,"minecraft:rotten_flesh":24,"minecraft:arrow":5,"minecraft:stone_shovel":2,"minecraft:mutton":4,"minecraft:white_wool":5,"minecraft:cobblestone":245,"minecraft:birch_log":11,"minecraft:leather":12,"minecraft:tuff":16,"minecraft:oak_log":48,"minecraft:gunpowder":1,"minecraft:lapis_lazuli":24,"minecraft:dirt":27,"minecraft:cooked_mutton":2,"minecraft:leather_boots":1,"minecraft:red_carpet":1,"minecraft:bone":5,"minecraft:stone_bricks":14,"minecraft:bow":1,"minecraft:wheat_seeds":1,"minecraft:raw_gold":6,"minecraft:stone_pickaxe":2,"minecraft:iron_ingot":1,"minecraft:oak_planks":15,"minecraft:book":45,"minecraft:cooked_porkchop":9,"minecraft:pumpkin":2,"minecraft:sand":108,"minecraft:spider_eye":2,"travelersbackpack:white_sleeping_bag":4,"travelersbackpack:standard":1,"minecraft:polished_andesite":11,"minecraft:diamond":4,"minecraft:writable_book":1,"minecraft:emerald":1,"minecraft:oak_sapling":7,"minecraft:coal":177},"minecraft:mined":{"minecraft:tuff":17,"minecraft:red_carpet":1,"minecraft:deepslate_diamond_ore":4,"minecraft:granite":4,"minecraft:chiseled_bookshelf":9,"minecraft:grass_block":14,"travelersbackpack:white_sleeping_bag":4,"minecraft:smooth_stone":1,"minecraft:furnace":4,"minecraft:iron_ore":10,"minecraft:andesite":1,"minecraft:pumpkin":2,"minecraft:deepslate_lapis_ore":4,"minecraft:azure_bluet":1,"minecraft:bookshelf":22,"minecraft:deepslate_iron_ore":25,"minecraft:stone":207,"minecraft:deepslate_redstone_ore":3,"minecraft:infested_stone_bricks":1,"minecraft:crafting_table":3,"minecraft:torch":1,"minecraft:emerald_ore":1,"minecraft:poppy":1,"minecraft:chest":1,"minecraft:copper_ore":6,"minecraft:cobblestone":10,"minecraft:deepslate_gold_ore":6,"minecraft:sugar_cane":14,"minecraft:diorite":9,"minecraft:wall_torch":11,"minecraft:birch_log":11,"minecraft:birch_leaves":2,"minecraft:grass":2,"minecraft:oak_log":51,"minecraft:coal_ore":116,"minecraft:sand":76,"minecraft:dirt":7,"minecraft:infested_cracked_stone_bricks":1,"minecraft:cobweb":12,"minecraft:cracked_stone_bricks":4,"minecraft:polished_andesite":6,"minecraft:stone_bricks":11,"minecraft:oak_leaves":10,"minecraft:deepslate":35}},"DataVersion":3465}