{"stats":{"minecraft:dropped":{"minecraft:rotten_flesh":1,"minecraft:azure_bluet":1,"minecraft:poppy":1,"minecraft:wooden_axe":1,"minecraft:wooden_pickaxe":1},"minecraft:killed_by":{"minecraft:player":1},"minecraft:custom":{"minecraft:interact_with_furnace":35,"minecraft:mob_kills":27,"minecraft:interact_with_crafting_table":32,"minecraft:leave_game":2,"minecraft:time_since_death":33043,"minecraft:sleep_in_bed":8,"minecraft:climb_one_cm":1489,"minecraft:time_since_rest":29790,"minecraft:sprint_one_cm":240682,"minecraft:damage_taken":1156,"minecraft:walk_one_cm":355920,"minecraft:drop":5,"minecraft:damage_dealt":4021,"minecraft:fly_one_cm":273785,"minecraft:swim_one_cm":35430,"minecraft:talked_to_villager":11,"minecraft:open_chest":27,"minecraft:crouch_one_cm":77,"minecraft:play_time":113161,"minecraft:deaths":1,"minecraft:sneak_time":202,"minecraft:walk_under_water_one_cm":19092,"minecraft:jump":1586,"minecraft:walk_on_water_one_cm":28300,"minecraft:total_world_time":113161,"minecraft:fall_one_cm":39878},"minecraft:crafted":{"minecraft:cooked_beef":5,"minecraft:oak_planks":64,"minecraft:stone_shovel":2,"minecraft:cooked_porkchop":11,"minecraft:crafting_table":2,"travelersbackpack:backpack_tank":2,"travelersbackpack:standard":1,"minecraft:wooden_pickaxe":1,"minecraft:iron_sword":1,"minecraft:furnace":2,"minecraft:bucket":1,"minecraft:stone_axe":2,"minecraft:cooked_mutton":4,"minecraft:glass":24,"travelersbackpack:white_sleeping_bag":1,"minecraft:iron_chestplate":1,"minecraft:stick":36,"minecraft:iron_ingot":19,"minecraft:iron_pickaxe":2,"minecraft:stone_pickaxe":5,"minecraft:wooden_axe":1,"minecraft:chest":1,"minecraft:torch":32},"minecraft:killed":{"minecraft:pig":6,"minecraft:spider":2,"minecraft:creeper":2,"minecraft:skeleton":3,"minecraft:sheep":4,"minecraft:zombie":6,"minecraft:cow":4},"minecraft:used":{"minecraft:cooked_mutton":3,"minecraft:diorite":9,"minecraft:stone_shovel":110,"minecraft:stone_pickaxe":378,"minecraft:chest":1,"minecraft:wooden_pickaxe":6,"minecraft:torch":26,"minecraft:dirt":8,"minecraft:crafting_table":4,"minecraft:wooden_axe":22,"minecraft:apple":17,"minecraft:bread":3,"minecraft:iron_pickaxe":76,"travelersbackpack:white_sleeping_bag":4,"minecraft:stone_axe":128,"minecraft:cobblestone":64,"travelersbackpack:standard":5,"minecraft:furnace":5,"minecraft:cooked_porkchop":2,"minecraft:bucket":2,"minecraft:cooked_beef":2},"minecraft:broken":{"minecraft:stone_axe":1,"minecraft:stone_pickaxe":3},"minecraft:picked_up":{"minecraft:wooden_axe":1,"minecraft:birch_log":11,"minecraft:crafting_table":4,"minecraft:azure_bluet":1,"minecraft:leather":12,"minecraft:wooden_pickaxe":1,"minecraft:tuff":14,"minecraft:oak_log":48,"minecraft:gunpowder":1,"minecraft:dirt":26,"minecraft:string":4,"minecraft:raw_copper":22,"minecraft:leather_boots":1,"minecraft:cooked_mutton":2,"minecraft:bone":4,"minecraft:stone_bricks":10,"minecraft:bow":1,"minecraft:cracked_stone_bricks":6,"minecraft:wheat_seeds":1,"minecraft:cobbled_deepslate":27,"minecraft:smooth_stone":2,"minecraft:raw_gold":5,"minecraft:stone_pickaxe":2,"minecraft:iron_ingot":1,"minecraft:beef":5,"minecraft:poppy":2,"minecraft:iron_pickaxe":1,"minecraft:chest":1,"minecraft:sugar_cane":21,"minecraft:birch_sapling":2,"minecraft:oak_planks":15,"minecraft:furnace":4,"minecraft:raw_iron":20,"minecraft:cooked_porkchop":5,"minecraft:pumpkin":2,"minecraft:torch":46,"minecraft:porkchop":11,"minecraft:sand":108,"minecraft:diorite":9,"minecraft:redstone":13,"minecraft:spider_eye":2,"travelersbackpack:standard":1,"travelersbackpack:white_sleeping_bag":4,"minecraft:polished_andesite":10,"minecraft:arrow":5,"minecraft:stone_shovel":2,"minecraft:rotten_flesh":5,"minecraft:diamond":2,"minecraft:emerald":1,"minecraft:oak_sapling":7,"minecraft:mutton":4,"minecraft:coal":177,"minecraft:white_wool":5,"minecraft:cobblestone":237},"minecraft:mined":{"minecraft:deepslate_redstone_ore":1,"minecraft:tuff":15,"minecraft:deepslate_diamond_ore":2,"minecraft:crafting_table":3,"minecraft:torch":1,"minecraft:granite":4,"minecraft:emerald_ore":1,"minecraft:grass_block":14,"minecraft:poppy":1,"minecraft:chest":1,"minecraft:copper_ore":6,"travelersbackpack:white_sleeping_bag":4,"minecraft:cobblestone":2,"minecraft:deepslate_gold_ore":5,"minecraft:sugar_cane":14,"minecraft:diorite":9,"minecraft:wall_torch":11,"minecraft:smooth_stone":1,"minecraft:furnace":4,"minecraft:birch_log":11,"minecraft:iron_ore":10,"minecraft:birch_leaves":2,"minecraft:andesite":1,"minecraft:pumpkin":2,"minecraft:azure_bluet":1,"minecraft:grass":2,"minecraft:coal_ore":116,"minecraft:bookshelf":8,"minecraft:oak_log":50,"minecraft:deepslate_iron_ore":10,"minecraft:dirt":7,"minecraft:sand":76,"minecraft:cracked_stone_bricks":3,"minecraft:stone":207,"minecraft:stone_bricks":7,"minecraft:polished_andesite":5,"minecraft:deepslate":24,"minecraft:oak_leaves":10}},"DataVersion":3465}