{"stats":{"minecraft:dropped":{"minecraft:rotten_flesh":1,"minecraft:azure_bluet":1,"minecraft:poppy":1,"minecraft:wooden_axe":1,"minecraft:wooden_pickaxe":1},"minecraft:custom":{"minecraft:interact_with_furnace":16,"minecraft:mob_kills":20,"minecraft:interact_with_crafting_table":18,"minecraft:leave_game":2,"minecraft:time_since_death":65161,"minecraft:sleep_in_bed":6,"minecraft:climb_one_cm":1489,"minecraft:time_since_rest":7541,"minecraft:sprint_one_cm":166036,"minecraft:damage_taken":530,"minecraft:walk_one_cm":241843,"minecraft:drop":5,"minecraft:damage_dealt":2975,"minecraft:fly_one_cm":176280,"minecraft:swim_one_cm":35430,"minecraft:talked_to_villager":8,"minecraft:open_chest":11,"minecraft:crouch_one_cm":35,"minecraft:play_time":65161,"minecraft:sneak_time":92,"minecraft:walk_under_water_one_cm":13723,"minecraft:jump":1048,"minecraft:walk_on_water_one_cm":16754,"minecraft:total_world_time":65161,"minecraft:fall_one_cm":22334},"minecraft:crafted":{"minecraft:cooked_beef":2,"minecraft:oak_planks":60,"minecraft:stone_shovel":2,"minecraft:crafting_table":2,"travelersbackpack:backpack_tank":1,"minecraft:wooden_pickaxe":1,"minecraft:furnace":2,"minecraft:stone_axe":2,"minecraft:cooked_mutton":1,"minecraft:glass":13,"travelersbackpack:white_sleeping_bag":1,"minecraft:stick":28,"minecraft:iron_ingot":6,"minecraft:iron_pickaxe":1,"minecraft:stone_pickaxe":3,"minecraft:wooden_axe":1,"minecraft:chest":1,"minecraft:torch":32},"minecraft:killed":{"minecraft:pig":4,"minecraft:spider":2,"minecraft:creeper":2,"minecraft:sheep":3,"minecraft:zombie":5,"minecraft:cow":4},"minecraft:used":{"minecraft:cooked_mutton":3,"minecraft:stone_shovel":96,"minecraft:stone_pickaxe":235,"minecraft:chest":1,"minecraft:wooden_pickaxe":6,"minecraft:torch":5,"minecraft:dirt":8,"minecraft:crafting_table":3,"minecraft:wooden_axe":22,"minecraft:apple":5,"minecraft:bread":3,"minecraft:iron_pickaxe":49,"travelersbackpack:white_sleeping_bag":4,"minecraft:stone_axe":116,"minecraft:cobblestone":37,"minecraft:furnace":4,"minecraft:cooked_beef":2},"minecraft:broken":{"minecraft:stone_axe":1,"minecraft:stone_pickaxe":1},"minecraft:picked_up":{"minecraft:wooden_axe":1,"minecraft:birch_log":11,"minecraft:crafting_table":2,"minecraft:azure_bluet":1,"minecraft:leather":6,"minecraft:wooden_pickaxe":1,"minecraft:oak_log":48,"minecraft:gunpowder":1,"minecraft:dirt":15,"minecraft:string":4,"minecraft:raw_copper":18,"minecraft:cooked_mutton":2,"minecraft:stone_bricks":5,"minecraft:cracked_stone_bricks":3,"minecraft:wheat_seeds":1,"minecraft:smooth_stone":1,"minecraft:beef":5,"minecraft:poppy":2,"minecraft:sugar_cane":21,"minecraft:birch_sapling":1,"minecraft:oak_planks":15,"minecraft:furnace":2,"minecraft:raw_iron":7,"minecraft:pumpkin":2,"minecraft:torch":4,"minecraft:porkchop":7,"minecraft:sand":66,"minecraft:spider_eye":2,"travelersbackpack:white_sleeping_bag":3,"minecraft:polished_andesite":5,"minecraft:rotten_flesh":3,"minecraft:emerald":1,"minecraft:oak_sapling":3,"minecraft:mutton":3,"minecraft:coal":109,"minecraft:white_wool":3,"minecraft:cobblestone":133},"minecraft:mined":{"minecraft:crafting_table":2,"minecraft:granite":4,"minecraft:emerald_ore":1,"minecraft:grass_block":13,"minecraft:poppy":1,"minecraft:copper_ore":5,"travelersbackpack:white_sleeping_bag":3,"minecraft:cobblestone":1,"minecraft:sugar_cane":14,"minecraft:wall_torch":4,"minecraft:smooth_stone":1,"minecraft:furnace":2,"minecraft:birch_log":11,"minecraft:iron_ore":7,"minecraft:birch_leaves":2,"minecraft:andesite":1,"minecraft:pumpkin":2,"minecraft:azure_bluet":1,"minecraft:grass":2,"minecraft:coal_ore":109,"minecraft:bookshelf":8,"minecraft:oak_log":50,"minecraft:dirt":4,"minecraft:sand":76,"minecraft:cracked_stone_bricks":3,"minecraft:stone":138,"minecraft:stone_bricks":7,"minecraft:polished_andesite":5,"minecraft:oak_leaves":10}},"DataVersion":3465}