{"stats":{"minecraft:dropped":{"minecraft:wooden_axe":1,"minecraft:wooden_pickaxe":1},"minecraft:crafted":{"minecraft:oak_planks":32,"minecraft:crafting_table":1,"minecraft:stick":8,"minecraft:wooden_pickaxe":1,"minecraft:stone_pickaxe":1,"minecraft:wooden_axe":1,"minecraft:furnace":1,"minecraft:stone_axe":1},"minecraft:custom":{"minecraft:time_since_rest":7,"minecraft:sprint_one_cm":43949,"minecraft:damage_taken":85,"minecraft:walk_one_cm":71304,"minecraft:mob_kills":7,"minecraft:drop":2,"minecraft:damage_dealt":1095,"minecraft:interact_with_crafting_table":3,"minecraft:fly_one_cm":23463,"minecraft:crouch_one_cm":35,"minecraft:play_time":17161,"minecraft:sneak_time":4,"minecraft:jump":150,"minecraft:leave_game":2,"minecraft:time_since_death":17161,"minecraft:sleep_in_bed":1,"minecraft:total_world_time":17161,"minecraft:fall_one_cm":2483},"minecraft:killed":{"minecraft:sheep":1,"minecraft:zombie":1,"minecraft:pig":1,"minecraft:spider":2,"minecraft:cow":2},"minecraft:used":{"minecraft:wooden_axe":22,"minecraft:stone_pickaxe":67,"minecraft:wooden_pickaxe":6,"minecraft:stone_axe":61,"minecraft:cobblestone":1,"minecraft:crafting_table":1,"minecraft:furnace":1},"minecraft:picked_up":{"minecraft:wooden_axe":1,"minecraft:birch_log":11,"minecraft:crafting_table":1,"minecraft:azure_bluet":1,"minecraft:pumpkin":2,"minecraft:leather":3,"minecraft:wooden_pickaxe":1,"minecraft:sand":2,"minecraft:oak_log":43,"minecraft:spider_eye":2,"minecraft:string":4,"minecraft:beef":2,"minecraft:poppy":1,"minecraft:oak_sapling":3,"minecraft:mutton":1,"minecraft:birch_sapling":1,"minecraft:white_wool":1,"minecraft:cobblestone":71,"minecraft:furnace":1},"minecraft:mined":{"minecraft:furnace":1,"minecraft:birch_log":11,"minecraft:birch_leaves":2,"minecraft:pumpkin":2,"minecraft:azure_bluet":1,"minecraft:crafting_table":1,"minecraft:grass":1,"minecraft:oak_log":44,"minecraft:poppy":1,"minecraft:sand":2,"minecraft:stone":72,"minecraft:oak_leaves":10}},"DataVersion":3465}