{"stats":{"minecraft:killed_by":{"minecraft:player":1},"minecraft:killed":{"minecraft:cave_spider":1,"minecraft:witch":1,"minecraft:vindicator":2,"minecraft:endermite":2,"minecraft:spider":2,"minecraft:skeleton":5,"minecraft:silverfish":3,"minecraft:pig":6,"minecraft:zombie_villager":7,"minecraft:creeper":2,"minecraft:sheep":8,"minecraft:pillager":5,"minecraft:zombie":26,"minecraft:cow":13},"minecraft:mined":{"minecraft:red_carpet":1,"minecraft:tuff":17,"minecraft:white_bed":4,"minecraft:deepslate_diamond_ore":4,"minecraft:brewing_stand":1,"minecraft:dark_oak_fence":2,"minecraft:granite":30,"minecraft:chiseled_bookshelf":20,"minecraft:grass_block":104,"travelersbackpack:white_sleeping_bag":4,"minecraft:smooth_stone":1,"minecraft:furnace":4,"minecraft:iron_ore":25,"minecraft:andesite":4,"minecraft:pumpkin":2,"minecraft:deepslate_lapis_ore":4,"minecraft:azure_bluet":1,"minecraft:bookshelf":33,"minecraft:deepslate_iron_ore":25,"minecraft:oak_stairs":1,"minecraft:stone":335,"minecraft:deepslate_redstone_ore":3,"minecraft:infested_stone_bricks":2,"minecraft:amethyst_cluster":1,"minecraft:crafting_table":3,"minecraft:torch":15,"minecraft:emerald_ore":1,"minecraft:calcite":47,"minecraft:poppy":1,"minecraft:chest":1,"minecraft:copper_ore":12,"minecraft:cobblestone":14,"minecraft:lapis_ore":2,"minecraft:deepslate_gold_ore":6,"minecraft:sugar_cane":15,"minecraft:diorite":9,"minecraft:wall_torch":20,"minecraft:amethyst_block":21,"minecraft:seagrass":2,"minecraft:birch_log":11,"minecraft:white_carpet":1,"minecraft:birch_leaves":2,"minecraft:grass":5,"minecraft:oak_log":57,"minecraft:coal_ore":142,"minecraft:sand":89,"minecraft:dirt":41,"minecraft:infested_cracked_stone_bricks":1,"minecraft:cobweb":19,"minecraft:cracked_stone_bricks":7,"minecraft:smooth_basalt":4,"minecraft:polished_andesite":8,"minecraft:stone_bricks":19,"minecraft:mossy_stone_bricks":1,"minecraft:oak_leaves":20,"minecraft:deepslate":35},"minecraft:picked_up":{"minecraft:wooden_axe":1,"minecraft:crafting_table":5,"minecraft:azure_bluet":1,"minecraft:splash_potion":1,"minecraft:wooden_pickaxe":1,"minecraft:enchanted_book":13,"minecraft:brewing_stand":1,"minecraft:amethyst_block":20,"minecraft:string":46,"minecraft:raw_copper":42,"minecraft:cracked_stone_bricks":7,"minecraft:cobbled_deepslate":40,"minecraft:smooth_stone":2,"minecraft:beef":21,"minecraft:oak_boat":2,"minecraft:calcite":45,"minecraft:poppy":3,"minecraft:iron_pickaxe":1,"minecraft:sugar_cane":23,"minecraft:chest":1,"minecraft:birch_sapling":2,"minecraft:furnace":4,"minecraft:stick":2,"minecraft:raw_iron":53,"minecraft:torch":68,"minecraft:porkchop":11,"minecraft:diorite":9,"minecraft:redstone":27,"minecraft:arrow":8,"minecraft:rotten_flesh":26,"minecraft:stone_shovel":2,"minecraft:mutton":7,"minecraft:white_wool":8,"minecraft:cobblestone":371,"minecraft:birch_log":11,"minecraft:leather":21,"minecraft:tuff":16,"minecraft:oak_log":55,"minecraft:gunpowder":1,"minecraft:lapis_lazuli":41,"minecraft:dirt":118,"minecraft:leather_boots":2,"minecraft:cooked_mutton":2,"minecraft:red_carpet":1,"minecraft:bone":8,"minecraft:stone_bricks":21,"minecraft:bow":1,"minecraft:wheat_seeds":2,"minecraft:raw_gold":6,"minecraft:stone_pickaxe":4,"minecraft:iron_ingot":1,"minecraft:iron_sword":1,"minecraft:oak_planks":15,"minecraft:book":118,"minecraft:cooked_porkchop":9,"minecraft:pumpkin":2,"minecraft:sand":121,"minecraft:amethyst_shard":4,"minecraft:white_bed":4,"minecraft:spider_eye":4,"travelersbackpack:white_sleeping_bag":4,"travelersbackpack:standard":1,"minecraft:polished_andesite":11,"minecraft:diamond":4,"minecraft:writable_book":3,"minecraft:crossbow":1,"minecraft:emerald":5,"minecraft:oak_sapling":8,"minecraft:coal":203},"minecraft:dropped":{"minecraft:enchanted_book":8,"minecraft:iron_sword":1,"minecraft:cooked_porkchop":8,"minecraft:cobblestone":71,"minecraft:cracked_stone_bricks":3,"minecraft:coal":2,"minecraft:polished_andesite":5,"minecraft:dirt":13,"minecraft:wooden_axe":2,"minecraft:writable_book":1,"minecraft:iron_pickaxe":1,"minecraft:string":13,"minecraft:white_wool":1,"minecraft:bone":4,"minecraft:birch_sapling":1,"minecraft:rotten_flesh":3,"minecraft:azure_bluet":1,"minecraft:poppy":2,"minecraft:leather_boots":2,"minecraft:spider_eye":2,"minecraft:arrow":5,"minecraft:bow":1,"minecraft:wooden_pickaxe":1,"minecraft:stone_pickaxe":2},"minecraft:custom":{"minecraft:interact_with_smithing_table":3,"minecraft:mob_kills":84,"minecraft:interact_with_crafting_table":46,"minecraft:bell_ring":3,"minecraft:leave_game":4,"minecraft:time_since_death":219738,"minecraft:climb_one_cm":5435,"minecraft:sprint_one_cm":567158,"minecraft:walk_one_cm":859418,"minecraft:drop":46,"minecraft:talked_to_villager":19,"minecraft:play_time":299856,"minecraft:sneak_time":440,"minecraft:deaths":1,"minecraft:walk_under_water_one_cm":50451,"minecraft:boat_one_cm":198495,"minecraft:jump":3586,"minecraft:interact_with_brewingstand":1,"minecraft:walk_on_water_one_cm":56977,"minecraft:total_world_time":299856,"minecraft:interact_with_furnace":58,"minecraft:interact_with_grindstone":1,"minecraft:sleep_in_bed":17,"minecraft:time_since_rest":5802,"minecraft:damage_taken":2677,"minecraft:damage_dealt":12898,"minecraft:swim_one_cm":53822,"minecraft:fly_one_cm":606460,"minecraft:open_chest":84,"minecraft:crouch_one_cm":299,"minecraft:interact_with_smoker":1,"minecraft:fall_one_cm":99081},"minecraft:crafted":{"minecraft:oak_planks":104,"minecraft:stone_shovel":2,"travelersbackpack:crafting_upgrade":1,"minecraft:furnace":2,"travelersbackpack:blank_upgrade":4,"minecraft:cooked_mutton":4,"minecraft:glass":37,"travelersbackpack:white_sleeping_bag":1,"minecraft:stone_pickaxe":6,"minecraft:chest":2,"minecraft:cooked_beef":19,"minecraft:wooden_shovel":1,"minecraft:cooked_porkchop":11,"minecraft:crafting_table":2,"travelersbackpack:backpack_tank":4,"minecraft:wooden_pickaxe":1,"travelersbackpack:standard":2,"minecraft:iron_sword":1,"minecraft:smithing_table":1,"minecraft:bucket":1,"minecraft:stone_axe":3,"minecraft:oak_boat":1,"minecraft:iron_chestplate":1,"minecraft:stick":56,"minecraft:iron_ingot":37,"minecraft:iron_pickaxe":3,"minecraft:wooden_axe":1,"minecraft:iron_shovel":1,"minecraft:iron_leggings":1,"minecraft:white_bed":1,"minecraft:torch":48},"minecraft:used":{"minecraft:iron_shovel":9,"minecraft:stone_shovel":110,"minecraft:chest":1,"minecraft:iron_sword":210,"minecraft:wooden_shovel":61,"minecraft:torch":71,"minecraft:dirt":98,"minecraft:spyglass":3,"minecraft:glass":1,"minecraft:wooden_axe":22,"minecraft:iron_axe":57,"minecraft:furnace":5,"minecraft:cooked_beef":11,"minecraft:cooked_mutton":5,"minecraft:water_bucket":4,"minecraft:diorite":9,"minecraft:stone_pickaxe":540,"minecraft:wooden_pickaxe":6,"minecraft:crafting_table":4,"minecraft:white_bed":5,"minecraft:apple":19,"minecraft:bread":15,"minecraft:iron_pickaxe":295,"travelersbackpack:white_sleeping_bag":4,"minecraft:stone_axe":128,"travelersbackpack:standard":9,"minecraft:cobblestone":215,"minecraft:cooked_porkchop":7,"minecraft:smithing_table":1,"minecraft:bucket":10,"minecraft:oak_boat":3},"minecraft:broken":{"minecraft:wooden_shovel":1,"minecraft:stone_pickaxe":4,"minecraft:stone_axe":1}},"DataVersion":3465}