{"stats":{"minecraft:dropped":{"minecraft:cooked_porkchop":8,"minecraft:rotten_flesh":1,"minecraft:azure_bluet":1,"minecraft:poppy":1,"minecraft:wooden_axe":1,"minecraft:arrow":1,"minecraft:wooden_pickaxe":1,"minecraft:iron_pickaxe":1},"minecraft:killed_by":{"minecraft:player":1},"minecraft:custom":{"minecraft:interact_with_furnace":35,"minecraft:mob_kills":40,"minecraft:interact_with_crafting_table":32,"minecraft:leave_game":3,"minecraft:time_since_death":48707,"minecraft:sleep_in_bed":8,"minecraft:climb_one_cm":1489,"minecraft:time_since_rest":45454,"minecraft:sprint_one_cm":266906,"minecraft:damage_taken":1372,"minecraft:walk_one_cm":434738,"minecraft:drop":10,"minecraft:damage_dealt":6008,"minecraft:swim_one_cm":35430,"minecraft:fly_one_cm":291388,"minecraft:talked_to_villager":11,"minecraft:play_time":128825,"minecraft:open_chest":29,"minecraft:crouch_one_cm":124,"minecraft:sneak_time":209,"minecraft:deaths":1,"minecraft:walk_under_water_one_cm":23143,"minecraft:jump":1821,"minecraft:walk_on_water_one_cm":35330,"minecraft:total_world_time":128825,"minecraft:fall_one_cm":44136},"minecraft:crafted":{"minecraft:cooked_beef":5,"minecraft:oak_planks":64,"minecraft:stone_shovel":2,"minecraft:cooked_porkchop":11,"minecraft:crafting_table":2,"travelersbackpack:backpack_tank":2,"travelersbackpack:standard":1,"minecraft:wooden_pickaxe":1,"minecraft:iron_sword":1,"minecraft:furnace":2,"minecraft:bucket":1,"minecraft:stone_axe":2,"minecraft:cooked_mutton":4,"minecraft:glass":24,"travelersbackpack:white_sleeping_bag":1,"minecraft:iron_chestplate":1,"minecraft:stick":36,"minecraft:iron_ingot":19,"minecraft:iron_pickaxe":2,"minecraft:stone_pickaxe":5,"minecraft:wooden_axe":1,"minecraft:chest":1,"minecraft:torch":32},"minecraft:killed":{"minecraft:cave_spider":1,"minecraft:pig":6,"minecraft:zombie_villager":1,"minecraft:spider":2,"minecraft:creeper":2,"minecraft:skeleton":4,"minecraft:sheep":4,"minecraft:zombie":15,"minecraft:silverfish":1,"minecraft:cow":4},"minecraft:used":{"minecraft:cooked_mutton":3,"minecraft:water_bucket":1,"minecraft:diorite":9,"minecraft:stone_pickaxe":389,"minecraft:stone_shovel":110,"minecraft:chest":1,"minecraft:wooden_pickaxe":6,"minecraft:iron_sword":41,"minecraft:torch":35,"minecraft:dirt":8,"minecraft:crafting_table":4,"minecraft:wooden_axe":22,"minecraft:apple":17,"minecraft:bread":3,"minecraft:iron_pickaxe":110,"travelersbackpack:white_sleeping_bag":4,"minecraft:stone_axe":128,"minecraft:cobblestone":74,"travelersbackpack:standard":7,"minecraft:furnace":5,"minecraft:cooked_porkchop":4,"minecraft:bucket":5,"minecraft:cooked_beef":3},"minecraft:broken":{"minecraft:stone_pickaxe":3,"minecraft:stone_axe":1},"minecraft:picked_up":{"minecraft:birch_log":11,"minecraft:crafting_table":4,"minecraft:azure_bluet":1,"minecraft:leather":12,"minecraft:wooden_pickaxe":1,"minecraft:tuff":16,"minecraft:oak_log":48,"minecraft:gunpowder":1,"minecraft:lapis_lazuli":24,"minecraft:string":7,"minecraft:dirt":27,"minecraft:raw_copper":22,"minecraft:leather_boots":1,"minecraft:cooked_mutton":2,"minecraft:bone":5,"minecraft:stone_bricks":14,"minecraft:bow":1,"minecraft:cracked_stone_bricks":7,"minecraft:wheat_seeds":1,"minecraft:smooth_stone":2,"minecraft:cobbled_deepslate":40,"minecraft:raw_gold":6,"minecraft:iron_ingot":1,"minecraft:beef":5,"minecraft:stone_pickaxe":2,"minecraft:poppy":2,"minecraft:iron_pickaxe":1,"minecraft:sugar_cane":21,"minecraft:chest":1,"minecraft:birch_sapling":2,"minecraft:oak_planks":15,"minecraft:furnace":4,"minecraft:raw_iron":38,"minecraft:cooked_porkchop":9,"minecraft:pumpkin":2,"minecraft:torch":47,"minecraft:porkchop":11,"minecraft:sand":108,"minecraft:diorite":9,"minecraft:redstone":27,"minecraft:spider_eye":2,"travelersbackpack:white_sleeping_bag":4,"travelersbackpack:standard":1,"minecraft:polished_andesite":11,"minecraft:arrow":5,"minecraft:stone_shovel":2,"minecraft:rotten_flesh":20,"minecraft:diamond":4,"minecraft:emerald":1,"minecraft:oak_sapling":7,"minecraft:mutton":4,"minecraft:coal":177,"minecraft:white_wool":5,"minecraft:cobblestone":237,"minecraft:wooden_axe":1},"minecraft:mined":{"minecraft:deepslate_redstone_ore":3,"minecraft:tuff":17,"minecraft:deepslate_diamond_ore":4,"minecraft:infested_stone_bricks":1,"minecraft:crafting_table":3,"minecraft:torch":1,"minecraft:granite":4,"minecraft:emerald_ore":1,"minecraft:grass_block":14,"minecraft:poppy":1,"minecraft:chest":1,"minecraft:copper_ore":6,"minecraft:cobblestone":2,"travelersbackpack:white_sleeping_bag":4,"minecraft:deepslate_gold_ore":6,"minecraft:sugar_cane":14,"minecraft:wall_torch":11,"minecraft:diorite":9,"minecraft:smooth_stone":1,"minecraft:furnace":4,"minecraft:birch_log":11,"minecraft:iron_ore":10,"minecraft:birch_leaves":2,"minecraft:andesite":1,"minecraft:pumpkin":2,"minecraft:deepslate_lapis_ore":4,"minecraft:azure_bluet":1,"minecraft:grass":2,"minecraft:bookshelf":8,"minecraft:coal_ore":116,"minecraft:oak_log":50,"minecraft:deepslate_iron_ore":25,"minecraft:sand":76,"minecraft:dirt":7,"minecraft:infested_cracked_stone_bricks":1,"minecraft:cracked_stone_bricks":4,"minecraft:stone":207,"minecraft:stone_bricks":11,"minecraft:polished_andesite":6,"minecraft:oak_leaves":10,"minecraft:deepslate":35}},"DataVersion":3465}