{"stats":{"minecraft:custom":{"minecraft:jump":37,"minecraft:time_since_rest":6076,"minecraft:damage_dealt":10,"minecraft:crouch_one_cm":35,"minecraft:leave_game":2,"minecraft:play_time":6076,"minecraft:sprint_one_cm":10982,"minecraft:damage_taken":20,"minecraft:time_since_death":6076,"minecraft:walk_one_cm":8602,"minecraft:sneak_time":4,"minecraft:total_world_time":6076,"minecraft:fall_one_cm":693,"minecraft:fly_one_cm":7696},"minecraft:picked_up":{"minecraft:oak_log":2},"minecraft:mined":{"minecraft:oak_log":2}},"DataVersion":3465}