{"stats":{"minecraft:picked_up":{"minecraft:leather":2,"minecraft:wooden_pickaxe":1,"minecraft:porkchop":5,"minecraft:oak_log":31,"minecraft:gunpowder":3,"minecraft:dirt":28,"minecraft:bone":1,"minecraft:arrow":1,"minecraft:beef":7,"minecraft:cooked_chicken":2,"minecraft:oak_sapling":1,"minecraft:mutton":4,"minecraft:white_wool":2,"minecraft:cobblestone":24},"minecraft:crafted":{"minecraft:oak_planks":20,"minecraft:crafting_table":1,"minecraft:stick":8,"minecraft:wooden_pickaxe":1,"minecraft:stone_pickaxe":1,"minecraft:wooden_axe":1,"minecraft:furnace":1,"minecraft:stone_axe":1},"minecraft:used":{"minecraft:wooden_axe":12,"minecraft:wooden_pickaxe":27,"minecraft:cooked_chicken":2,"minecraft:stone_axe":24,"minecraft:dirt":2,"minecraft:crafting_table":1,"minecraft:furnace":1},"minecraft:mined":{"minecraft:grass":2,"minecraft:grass_block":2,"minecraft:oak_log":31,"minecraft:dirt":22,"minecraft:stone":24,"minecraft:oak_leaves":6},"minecraft:dropped":{"minecraft:wooden_axe":1,"minecraft:wooden_pickaxe":2},"minecraft:killed":{"minecraft:sheep":2,"minecraft:pig":3,"minecraft:cow":4},"minecraft:custom":{"minecraft:time_since_rest":18578,"minecraft:interact_with_furnace":1,"minecraft:sprint_one_cm":48280,"minecraft:damage_taken":215,"minecraft:walk_one_cm":62078,"minecraft:mob_kills":9,"minecraft:drop":3,"minecraft:damage_dealt":940,"minecraft:interact_with_crafting_table":3,"minecraft:fly_one_cm":74764,"minecraft:play_time":32656,"minecraft:jump":339,"minecraft:leave_game":1,"minecraft:time_since_death":32656,"minecraft:sleep_in_bed":1,"minecraft:total_world_time":32656,"minecraft:fall_one_cm":7233}},"DataVersion":3465}