{"stats":{"minecraft:picked_up":{"minecraft:crafting_table":1,"minecraft:cooked_beef":4,"minecraft:leather":6,"minecraft:wooden_pickaxe":1,"minecraft:porkchop":17,"minecraft:oak_log":31,"minecraft:gunpowder":3,"minecraft:dirt":28,"minecraft:bone":1,"minecraft:arrow":1,"minecraft:beef":19,"minecraft:cooked_chicken":2,"minecraft:oak_sapling":1,"minecraft:mutton":4,"minecraft:white_wool":2,"minecraft:cobblestone":24,"minecraft:furnace":1},"minecraft:crafted":{"minecraft:oak_planks":40,"minecraft:crafting_table":1,"minecraft:stick":16,"minecraft:wooden_pickaxe":1,"minecraft:stone_pickaxe":1,"minecraft:wooden_axe":1,"minecraft:furnace":1,"minecraft:stone_axe":1,"minecraft:cooked_mutton":4},"minecraft:used":{"minecraft:cooked_mutton":4,"minecraft:wooden_axe":12,"minecraft:stone_pickaxe":1,"minecraft:wooden_pickaxe":27,"minecraft:cooked_chicken":2,"minecraft:stone_axe":48,"minecraft:dirt":8,"minecraft:crafting_table":1,"minecraft:furnace":1},"minecraft:mined":{"minecraft:furnace":1,"minecraft:crafting_table":1,"minecraft:grass":3,"minecraft:grass_block":2,"minecraft:oak_log":31,"minecraft:dirt":22,"minecraft:tall_grass":2,"minecraft:stone":24,"minecraft:oak_leaves":6},"minecraft:dropped":{"minecraft:wooden_axe":1,"minecraft:oak_planks":8,"minecraft:wooden_pickaxe":2,"minecraft:stick":4},"minecraft:killed":{"minecraft:sheep":2,"minecraft:pig":8,"minecraft:cow":7},"minecraft:custom":{"minecraft:time_since_rest":11183,"minecraft:interact_with_furnace":3,"minecraft:sprint_one_cm":103584,"minecraft:damage_taken":275,"minecraft:walk_one_cm":98145,"minecraft:mob_kills":17,"minecraft:drop":5,"minecraft:damage_dealt":1739,"minecraft:interact_with_crafting_table":3,"minecraft:fly_one_cm":155437,"minecraft:crouch_one_cm":68,"minecraft:play_time":44220,"minecraft:sneak_time":16,"minecraft:jump":665,"minecraft:leave_game":2,"minecraft:time_since_death":44220,"minecraft:sleep_in_bed":2,"minecraft:climb_one_cm":424,"minecraft:total_world_time":44220,"minecraft:fall_one_cm":19409}},"DataVersion":3465}