{"stats":{"minecraft:killed_by":{"minecraft:player":1},"minecraft:custom":{"minecraft:mob_kills":51,"minecraft:interact_with_crafting_table":32,"minecraft:leave_game":3,"minecraft:time_since_death":72707,"minecraft:climb_one_cm":5083,"minecraft:sprint_one_cm":298844,"minecraft:walk_one_cm":562326,"minecraft:drop":33,"minecraft:talked_to_villager":11,"minecraft:play_time":152825,"minecraft:deaths":1,"minecraft:sneak_time":276,"minecraft:walk_under_water_one_cm":26702,"minecraft:jump":1889,"minecraft:walk_on_water_one_cm":39036,"minecraft:total_world_time":152825,"minecraft:interact_with_furnace":35,"minecraft:sleep_in_bed":8,"minecraft:time_since_rest":69454,"minecraft:damage_taken":1545,"minecraft:damage_dealt":7718,"minecraft:swim_one_cm":35430,"minecraft:fly_one_cm":297135,"minecraft:open_chest":37,"minecraft:crouch_one_cm":186,"minecraft:fall_one_cm":44989},"minecraft:crafted":{"minecraft:oak_planks":64,"minecraft:stone_shovel":2,"minecraft:furnace":2,"minecraft:cooked_mutton":4,"minecraft:glass":24,"travelersbackpack:white_sleeping_bag":1,"minecraft:stone_pickaxe":5,"minecraft:chest":1,"minecraft:cooked_beef":5,"minecraft:cooked_porkchop":11,"minecraft:crafting_table":2,"travelersbackpack:backpack_tank":2,"minecraft:wooden_pickaxe":1,"travelersbackpack:standard":1,"minecraft:iron_sword":1,"minecraft:bucket":1,"minecraft:stone_axe":2,"minecraft:iron_chestplate":1,"minecraft:stick":36,"minecraft:iron_ingot":19,"minecraft:iron_pickaxe":2,"minecraft:wooden_axe":1,"minecraft:torch":32},"minecraft:dropped":{"minecraft:enchanted_book":8,"minecraft:cooked_porkchop":8,"minecraft:cobblestone":59,"minecraft:cracked_stone_bricks":3,"minecraft:polished_andesite":5,"minecraft:dirt":12,"minecraft:wooden_axe":1,"minecraft:iron_pickaxe":1,"minecraft:string":13,"minecraft:white_wool":1,"minecraft:bone":3,"minecraft:rotten_flesh":1,"minecraft:azure_bluet":1,"minecraft:poppy":2,"minecraft:spider_eye":2,"minecraft:arrow":5,"minecraft:stone_pickaxe":2,"minecraft:wooden_pickaxe":1},"minecraft:killed":{"minecraft:cave_spider":1,"minecraft:endermite":2,"minecraft:spider":2,"minecraft:skeleton":5,"minecraft:silverfish":3,"minecraft:pig":6,"minecraft:zombie_villager":3,"minecraft:creeper":2,"minecraft:sheep":4,"minecraft:zombie":19,"minecraft:cow":4},"minecraft:used":{"minecraft:stone_shovel":110,"minecraft:chest":1,"minecraft:iron_sword":91,"minecraft:torch":42,"minecraft:dirt":8,"minecraft:wooden_axe":22,"minecraft:iron_axe":47,"minecraft:furnace":5,"minecraft:cooked_beef":5,"minecraft:cooked_mutton":3,"minecraft:water_bucket":1,"minecraft:diorite":9,"minecraft:stone_pickaxe":399,"minecraft:wooden_pickaxe":6,"minecraft:crafting_table":4,"minecraft:apple":17,"minecraft:bread":4,"minecraft:iron_pickaxe":287,"travelersbackpack:white_sleeping_bag":4,"minecraft:stone_axe":128,"minecraft:cobblestone":94,"travelersbackpack:standard":7,"minecraft:cooked_porkchop":4,"minecraft:bucket":5},"minecraft:broken":{"minecraft:stone_pickaxe":3,"minecraft:stone_axe":1},"minecraft:picked_up":{"minecraft:wooden_axe":1,"minecraft:crafting_table":5,"minecraft:azure_bluet":1,"minecraft:wooden_pickaxe":1,"minecraft:enchanted_book":13,"minecraft:string":46,"minecraft:raw_copper":39,"minecraft:cracked_stone_bricks":7,"minecraft:cobbled_deepslate":40,"minecraft:smooth_stone":2,"minecraft:beef":5,"minecraft:poppy":3,"minecraft:iron_pickaxe":1,"minecraft:sugar_cane":21,"minecraft:chest":1,"minecraft:birch_sapling":2,"minecraft:furnace":4,"minecraft:raw_iron":38,"minecraft:torch":50,"minecraft:porkchop":11,"minecraft:diorite":9,"minecraft:redstone":27,"minecraft:rotten_flesh":24,"minecraft:arrow":7,"minecraft:stone_shovel":2,"minecraft:mutton":4,"minecraft:white_wool":5,"minecraft:cobblestone":319,"minecraft:birch_log":11,"minecraft:leather":12,"minecraft:tuff":16,"minecraft:oak_log":49,"minecraft:gunpowder":1,"minecraft:lapis_lazuli":41,"minecraft:dirt":27,"minecraft:cooked_mutton":2,"minecraft:leather_boots":1,"minecraft:red_carpet":1,"minecraft:bone":8,"minecraft:stone_bricks":21,"minecraft:bow":1,"minecraft:wheat_seeds":1,"minecraft:raw_gold":6,"minecraft:stone_pickaxe":4,"minecraft:iron_ingot":1,"minecraft:oak_planks":15,"minecraft:book":118,"minecraft:cooked_porkchop":9,"minecraft:pumpkin":2,"minecraft:sand":108,"minecraft:spider_eye":4,"travelersbackpack:white_sleeping_bag":4,"travelersbackpack:standard":1,"minecraft:polished_andesite":11,"minecraft:diamond":4,"minecraft:writable_book":3,"minecraft:emerald":1,"minecraft:oak_sapling":7,"minecraft:coal":201},"minecraft:mined":{"minecraft:tuff":17,"minecraft:red_carpet":1,"minecraft:deepslate_diamond_ore":4,"minecraft:granite":27,"minecraft:chiseled_bookshelf":20,"minecraft:grass_block":14,"travelersbackpack:white_sleeping_bag":4,"minecraft:smooth_stone":1,"minecraft:furnace":4,"minecraft:iron_ore":10,"minecraft:andesite":4,"minecraft:pumpkin":2,"minecraft:deepslate_lapis_ore":4,"minecraft:azure_bluet":1,"minecraft:bookshelf":33,"minecraft:deepslate_iron_ore":25,"minecraft:oak_stairs":1,"minecraft:stone":298,"minecraft:deepslate_redstone_ore":3,"minecraft:infested_stone_bricks":2,"minecraft:crafting_table":3,"minecraft:torch":2,"minecraft:emerald_ore":1,"minecraft:poppy":1,"minecraft:chest":1,"minecraft:copper_ore":11,"minecraft:cobblestone":10,"minecraft:lapis_ore":2,"minecraft:deepslate_gold_ore":6,"minecraft:sugar_cane":14,"minecraft:diorite":9,"minecraft:wall_torch":13,"minecraft:birch_log":11,"minecraft:white_carpet":1,"minecraft:birch_leaves":2,"minecraft:grass":2,"minecraft:oak_log":51,"minecraft:coal_ore":140,"minecraft:sand":76,"minecraft:dirt":19,"minecraft:infested_cracked_stone_bricks":1,"minecraft:cobweb":13,"minecraft:cracked_stone_bricks":7,"minecraft:polished_andesite":8,"minecraft:stone_bricks":18,"minecraft:mossy_stone_bricks":1,"minecraft:oak_leaves":10,"minecraft:deepslate":35}},"DataVersion":3465}