{"stats":{"minecraft:dropped":{"minecraft:rotten_flesh":1,"minecraft:azure_bluet":1,"minecraft:poppy":1,"minecraft:wooden_axe":1,"minecraft:wooden_pickaxe":1},"minecraft:custom":{"minecraft:interact_with_furnace":28,"minecraft:mob_kills":24,"minecraft:interact_with_crafting_table":23,"minecraft:leave_game":2,"minecraft:time_since_death":77161,"minecraft:sleep_in_bed":7,"minecraft:climb_one_cm":1489,"minecraft:time_since_rest":6704,"minecraft:sprint_one_cm":210073,"minecraft:damage_taken":560,"minecraft:walk_one_cm":259229,"minecraft:drop":5,"minecraft:damage_dealt":3340,"minecraft:fly_one_cm":242602,"minecraft:swim_one_cm":35430,"minecraft:talked_to_villager":11,"minecraft:open_chest":20,"minecraft:crouch_one_cm":35,"minecraft:play_time":77161,"minecraft:sneak_time":92,"minecraft:walk_under_water_one_cm":13723,"minecraft:jump":1251,"minecraft:walk_on_water_one_cm":17413,"minecraft:total_world_time":77161,"minecraft:fall_one_cm":29985},"minecraft:crafted":{"minecraft:cooked_beef":5,"minecraft:oak_planks":60,"minecraft:stone_shovel":2,"minecraft:cooked_porkchop":11,"minecraft:crafting_table":2,"travelersbackpack:backpack_tank":2,"travelersbackpack:standard":1,"minecraft:wooden_pickaxe":1,"minecraft:furnace":2,"minecraft:stone_axe":2,"minecraft:cooked_mutton":4,"minecraft:glass":24,"travelersbackpack:white_sleeping_bag":1,"minecraft:stick":28,"minecraft:iron_ingot":6,"minecraft:iron_pickaxe":1,"minecraft:stone_pickaxe":3,"minecraft:wooden_axe":1,"minecraft:chest":1,"minecraft:torch":32},"minecraft:killed":{"minecraft:pig":6,"minecraft:spider":2,"minecraft:creeper":2,"minecraft:skeleton":1,"minecraft:sheep":4,"minecraft:zombie":5,"minecraft:cow":4},"minecraft:used":{"minecraft:cooked_mutton":3,"minecraft:stone_shovel":96,"minecraft:stone_pickaxe":238,"minecraft:chest":1,"minecraft:wooden_pickaxe":6,"minecraft:torch":9,"minecraft:dirt":8,"minecraft:crafting_table":3,"minecraft:wooden_axe":22,"minecraft:apple":11,"minecraft:bread":3,"minecraft:iron_pickaxe":49,"travelersbackpack:white_sleeping_bag":4,"minecraft:stone_axe":128,"minecraft:cobblestone":37,"minecraft:furnace":4,"minecraft:cooked_beef":2},"minecraft:broken":{"minecraft:stone_axe":1,"minecraft:stone_pickaxe":1},"minecraft:picked_up":{"minecraft:wooden_axe":1,"minecraft:birch_log":11,"minecraft:crafting_table":2,"minecraft:azure_bluet":1,"minecraft:leather":12,"minecraft:wooden_pickaxe":1,"minecraft:oak_log":48,"minecraft:gunpowder":1,"minecraft:dirt":15,"minecraft:string":4,"minecraft:raw_copper":18,"minecraft:cooked_mutton":2,"minecraft:bone":1,"minecraft:stone_bricks":5,"minecraft:bow":1,"minecraft:cracked_stone_bricks":3,"minecraft:wheat_seeds":1,"minecraft:smooth_stone":1,"minecraft:iron_ingot":1,"minecraft:beef":5,"minecraft:poppy":2,"minecraft:chest":1,"minecraft:sugar_cane":21,"minecraft:birch_sapling":1,"minecraft:oak_planks":15,"minecraft:furnace":3,"minecraft:raw_iron":7,"minecraft:pumpkin":2,"minecraft:torch":7,"minecraft:porkchop":11,"minecraft:sand":66,"minecraft:spider_eye":2,"travelersbackpack:white_sleeping_bag":4,"minecraft:polished_andesite":5,"minecraft:arrow":2,"minecraft:rotten_flesh":3,"minecraft:emerald":1,"minecraft:oak_sapling":3,"minecraft:mutton":4,"minecraft:coal":156,"minecraft:white_wool":4,"minecraft:cobblestone":133},"minecraft:mined":{"minecraft:crafting_table":2,"minecraft:torch":1,"minecraft:granite":4,"minecraft:emerald_ore":1,"minecraft:grass_block":13,"minecraft:poppy":1,"minecraft:chest":1,"minecraft:copper_ore":5,"travelersbackpack:white_sleeping_bag":4,"minecraft:cobblestone":1,"minecraft:sugar_cane":14,"minecraft:wall_torch":6,"minecraft:smooth_stone":1,"minecraft:furnace":3,"minecraft:birch_log":11,"minecraft:iron_ore":7,"minecraft:birch_leaves":2,"minecraft:andesite":1,"minecraft:pumpkin":2,"minecraft:azure_bluet":1,"minecraft:grass":2,"minecraft:coal_ore":109,"minecraft:bookshelf":8,"minecraft:oak_log":50,"minecraft:dirt":4,"minecraft:sand":76,"minecraft:cracked_stone_bricks":3,"minecraft:stone":139,"minecraft:stone_bricks":7,"minecraft:polished_andesite":5,"minecraft:oak_leaves":10}},"DataVersion":3465}