{"stats":{"minecraft:picked_up":{"minecraft:oak_log":7,"minecraft:mutton":2,"minecraft:dirt":20,"minecraft:white_wool":1},"minecraft:used":{"minecraft:dirt":2},"minecraft:crafted":{"minecraft:oak_planks":20},"minecraft:mined":{"minecraft:oak_log":7,"minecraft:dirt":21},"minecraft:killed":{"minecraft:sheep":1},"minecraft:custom":{"minecraft:jump":187,"minecraft:time_since_rest":578,"minecraft:damage_taken":125,"minecraft:damage_dealt":140,"minecraft:leave_game":1,"minecraft:play_time":14656,"minecraft:sprint_one_cm":30188,"minecraft:time_since_death":14656,"minecraft:walk_one_cm":24080,"minecraft:sleep_in_bed":1,"minecraft:total_world_time":14656,"minecraft:mob_kills":1,"minecraft:fall_one_cm":2984,"minecraft:fly_one_cm":47398}},"DataVersion":3465}