{"stats":{"minecraft:dropped":{"minecraft:rotten_flesh":1,"minecraft:azure_bluet":1,"minecraft:poppy":1,"minecraft:wooden_axe":1,"minecraft:wooden_pickaxe":1},"minecraft:custom":{"minecraft:interact_with_furnace":14,"minecraft:mob_kills":17,"minecraft:interact_with_crafting_table":14,"minecraft:leave_game":2,"minecraft:time_since_death":53161,"minecraft:sleep_in_bed":5,"minecraft:climb_one_cm":1489,"minecraft:time_since_rest":8625,"minecraft:sprint_one_cm":150497,"minecraft:damage_taken":310,"minecraft:walk_one_cm":181131,"minecraft:drop":5,"minecraft:damage_dealt":2354,"minecraft:fly_one_cm":167117,"minecraft:swim_one_cm":35430,"minecraft:talked_to_villager":8,"minecraft:open_chest":9,"minecraft:crouch_one_cm":35,"minecraft:play_time":53161,"minecraft:sneak_time":70,"minecraft:walk_under_water_one_cm":12725,"minecraft:jump":833,"minecraft:walk_on_water_one_cm":15157,"minecraft:total_world_time":53161,"minecraft:fall_one_cm":19238},"minecraft:crafted":{"minecraft:cooked_beef":2,"minecraft:oak_planks":40,"minecraft:stone_shovel":2,"minecraft:crafting_table":1,"travelersbackpack:backpack_tank":1,"minecraft:wooden_pickaxe":1,"minecraft:furnace":1,"minecraft:stone_axe":1,"minecraft:cooked_mutton":1,"minecraft:glass":13,"travelersbackpack:white_sleeping_bag":1,"minecraft:stick":16,"minecraft:stone_pickaxe":3,"minecraft:wooden_axe":1,"minecraft:chest":1},"minecraft:killed":{"minecraft:pig":4,"minecraft:spider":2,"minecraft:creeper":1,"minecraft:sheep":3,"minecraft:zombie":3,"minecraft:cow":4},"minecraft:used":{"minecraft:cooked_mutton":3,"minecraft:stone_shovel":89,"minecraft:stone_pickaxe":205,"minecraft:wooden_pickaxe":6,"minecraft:dirt":5,"minecraft:crafting_table":2,"minecraft:wooden_axe":22,"minecraft:bread":3,"travelersbackpack:white_sleeping_bag":3,"minecraft:stone_axe":103,"minecraft:cobblestone":37,"minecraft:furnace":3,"minecraft:cooked_beef":2},"minecraft:broken":{"minecraft:stone_axe":1,"minecraft:stone_pickaxe":1},"minecraft:picked_up":{"minecraft:wooden_axe":1,"minecraft:birch_log":11,"minecraft:crafting_table":1,"minecraft:azure_bluet":1,"minecraft:leather":6,"minecraft:wooden_pickaxe":1,"minecraft:oak_log":48,"minecraft:gunpowder":1,"minecraft:dirt":8,"minecraft:string":4,"minecraft:cooked_mutton":2,"minecraft:stone_bricks":5,"minecraft:cracked_stone_bricks":3,"minecraft:wheat_seeds":1,"minecraft:smooth_stone":1,"minecraft:beef":5,"minecraft:poppy":2,"minecraft:sugar_cane":21,"minecraft:birch_sapling":1,"minecraft:oak_planks":15,"minecraft:furnace":2,"minecraft:raw_iron":7,"minecraft:pumpkin":2,"minecraft:porkchop":7,"minecraft:sand":66,"minecraft:spider_eye":2,"travelersbackpack:white_sleeping_bag":3,"minecraft:polished_andesite":5,"minecraft:rotten_flesh":1,"minecraft:oak_sapling":3,"minecraft:mutton":3,"minecraft:coal":37,"minecraft:white_wool":3,"minecraft:cobblestone":129},"minecraft:mined":{"minecraft:crafting_table":1,"minecraft:granite":4,"minecraft:grass_block":6,"minecraft:poppy":1,"travelersbackpack:white_sleeping_bag":3,"minecraft:cobblestone":1,"minecraft:sugar_cane":14,"minecraft:smooth_stone":1,"minecraft:furnace":2,"minecraft:birch_log":11,"minecraft:iron_ore":7,"minecraft:birch_leaves":2,"minecraft:andesite":1,"minecraft:pumpkin":2,"minecraft:azure_bluet":1,"minecraft:grass":2,"minecraft:coal_ore":39,"minecraft:bookshelf":8,"minecraft:oak_log":50,"minecraft:dirt":4,"minecraft:sand":76,"minecraft:cracked_stone_bricks":3,"minecraft:stone":135,"minecraft:stone_bricks":7,"minecraft:polished_andesite":5,"minecraft:oak_leaves":10}},"DataVersion":3465}