{"stats":{"minecraft:dropped":{"minecraft:wooden_axe":1,"minecraft:wooden_pickaxe":1},"minecraft:custom":{"minecraft:interact_with_furnace":8,"minecraft:mob_kills":13,"minecraft:interact_with_crafting_table":3,"minecraft:leave_game":2,"minecraft:time_since_death":29161,"minecraft:sleep_in_bed":1,"minecraft:time_since_rest":12007,"minecraft:sprint_one_cm":80887,"minecraft:damage_taken":95,"minecraft:walk_one_cm":129366,"minecraft:drop":2,"minecraft:damage_dealt":1755,"minecraft:fly_one_cm":78298,"minecraft:swim_one_cm":20315,"minecraft:talked_to_villager":3,"minecraft:open_chest":4,"minecraft:crouch_one_cm":35,"minecraft:play_time":29161,"minecraft:sneak_time":50,"minecraft:walk_under_water_one_cm":9218,"minecraft:jump":350,"minecraft:walk_on_water_one_cm":7573,"minecraft:total_world_time":29161,"minecraft:fall_one_cm":8753},"minecraft:crafted":{"minecraft:cooked_beef":2,"minecraft:oak_planks":32,"minecraft:crafting_table":1,"minecraft:wooden_pickaxe":1,"minecraft:furnace":1,"minecraft:stone_axe":1,"minecraft:cooked_mutton":1,"minecraft:stick":8,"minecraft:stone_pickaxe":1,"minecraft:wooden_axe":1},"minecraft:killed":{"minecraft:pig":4,"minecraft:spider":2,"minecraft:creeper":1,"minecraft:sheep":3,"minecraft:zombie":1,"minecraft:cow":2},"minecraft:used":{"minecraft:cooked_mutton":1,"minecraft:stone_pickaxe":117,"minecraft:wooden_pickaxe":6,"minecraft:crafting_table":1,"minecraft:wooden_axe":22,"minecraft:stone_axe":86,"minecraft:cobblestone":4,"minecraft:furnace":2,"minecraft:cooked_beef":2},"minecraft:picked_up":{"minecraft:wooden_axe":1,"minecraft:birch_log":11,"minecraft:crafting_table":1,"minecraft:azure_bluet":1,"minecraft:leather":3,"minecraft:wooden_pickaxe":1,"minecraft:oak_log":43,"minecraft:gunpowder":1,"minecraft:string":4,"minecraft:cooked_mutton":2,"minecraft:stone_bricks":5,"minecraft:cracked_stone_bricks":3,"minecraft:beef":2,"minecraft:poppy":1,"minecraft:sugar_cane":7,"minecraft:birch_sapling":1,"minecraft:oak_planks":15,"minecraft:furnace":2,"minecraft:pumpkin":2,"minecraft:porkchop":7,"minecraft:sand":2,"minecraft:spider_eye":2,"minecraft:polished_andesite":5,"minecraft:rotten_flesh":1,"minecraft:oak_sapling":3,"minecraft:mutton":3,"minecraft:white_wool":3,"minecraft:cobblestone":98},"minecraft:mined":{"minecraft:crafting_table":1,"minecraft:granite":4,"minecraft:poppy":1,"minecraft:sugar_cane":6,"minecraft:furnace":2,"minecraft:birch_log":11,"minecraft:birch_leaves":2,"minecraft:andesite":1,"minecraft:pumpkin":2,"minecraft:azure_bluet":1,"minecraft:grass":1,"minecraft:bookshelf":8,"minecraft:oak_log":44,"minecraft:sand":2,"minecraft:cracked_stone_bricks":3,"minecraft:stone":101,"minecraft:stone_bricks":7,"minecraft:polished_andesite":5,"minecraft:oak_leaves":10}},"DataVersion":3465}