{"stats":{"minecraft:killed_by":{"minecraft:player":1},"minecraft:custom":{"minecraft:mob_kills":69,"minecraft:interact_with_crafting_table":39,"minecraft:bell_ring":1,"minecraft:leave_game":3,"minecraft:time_since_death":108707,"minecraft:climb_one_cm":5083,"minecraft:sprint_one_cm":357994,"minecraft:walk_one_cm":641723,"minecraft:drop":39,"minecraft:talked_to_villager":14,"minecraft:play_time":188825,"minecraft:deaths":1,"minecraft:sneak_time":322,"minecraft:walk_under_water_one_cm":29319,"minecraft:jump":2235,"minecraft:walk_on_water_one_cm":41726,"minecraft:total_world_time":188825,"minecraft:interact_with_furnace":45,"minecraft:sleep_in_bed":10,"minecraft:time_since_rest":7035,"minecraft:damage_taken":1588,"minecraft:damage_dealt":9810,"minecraft:swim_one_cm":38673,"minecraft:fly_one_cm":384487,"minecraft:open_chest":58,"minecraft:crouch_one_cm":299,"minecraft:fall_one_cm":55400},"minecraft:crafted":{"minecraft:oak_planks":68,"minecraft:stone_shovel":2,"minecraft:furnace":2,"minecraft:cooked_mutton":4,"minecraft:glass":24,"travelersbackpack:white_sleeping_bag":1,"minecraft:stone_pickaxe":5,"minecraft:chest":1,"minecraft:cooked_beef":5,"minecraft:cooked_porkchop":11,"minecraft:crafting_table":2,"travelersbackpack:backpack_tank":2,"minecraft:wooden_pickaxe":1,"travelersbackpack:standard":1,"minecraft:iron_sword":1,"minecraft:bucket":1,"minecraft:stone_axe":2,"minecraft:iron_chestplate":1,"minecraft:stick":44,"minecraft:iron_ingot":37,"minecraft:iron_pickaxe":3,"minecraft:wooden_axe":1,"minecraft:iron_leggings":1,"minecraft:torch":48},"minecraft:dropped":{"minecraft:enchanted_book":8,"minecraft:cooked_porkchop":8,"minecraft:cobblestone":59,"minecraft:cracked_stone_bricks":3,"minecraft:polished_andesite":5,"minecraft:dirt":12,"minecraft:wooden_axe":2,"minecraft:writable_book":1,"minecraft:iron_pickaxe":1,"minecraft:string":13,"minecraft:white_wool":1,"minecraft:bone":4,"minecraft:rotten_flesh":1,"minecraft:azure_bluet":1,"minecraft:poppy":2,"minecraft:leather_boots":2,"minecraft:spider_eye":2,"minecraft:bow":1,"minecraft:arrow":5,"minecraft:stone_pickaxe":2,"minecraft:wooden_pickaxe":1},"minecraft:killed":{"minecraft:cave_spider":1,"minecraft:endermite":2,"minecraft:spider":2,"minecraft:skeleton":5,"minecraft:silverfish":3,"minecraft:pig":6,"minecraft:zombie_villager":7,"minecraft:creeper":2,"minecraft:sheep":4,"minecraft:zombie":24,"minecraft:cow":12},"minecraft:used":{"minecraft:stone_shovel":110,"minecraft:chest":1,"minecraft:iron_sword":141,"minecraft:torch":45,"minecraft:dirt":8,"minecraft:wooden_axe":22,"minecraft:iron_axe":47,"minecraft:furnace":5,"minecraft:cooked_beef":5,"minecraft:cooked_mutton":3,"minecraft:water_bucket":1,"minecraft:diorite":9,"minecraft:stone_pickaxe":505,"minecraft:wooden_pickaxe":6,"minecraft:crafting_table":4,"minecraft:apple":17,"minecraft:bread":6,"minecraft:iron_pickaxe":295,"travelersbackpack:white_sleeping_bag":4,"minecraft:stone_axe":128,"minecraft:cobblestone":135,"travelersbackpack:standard":7,"minecraft:cooked_porkchop":4,"minecraft:bucket":5},"minecraft:broken":{"minecraft:stone_pickaxe":3,"minecraft:stone_axe":1},"minecraft:picked_up":{"minecraft:wooden_axe":1,"minecraft:crafting_table":5,"minecraft:azure_bluet":1,"minecraft:wooden_pickaxe":1,"minecraft:enchanted_book":13,"minecraft:amethyst_block":20,"minecraft:string":46,"minecraft:raw_copper":42,"minecraft:cracked_stone_bricks":7,"minecraft:cobbled_deepslate":40,"minecraft:smooth_stone":2,"minecraft:beef":19,"minecraft:calcite":45,"minecraft:poppy":3,"minecraft:iron_pickaxe":1,"minecraft:sugar_cane":21,"minecraft:chest":1,"minecraft:birch_sapling":2,"minecraft:furnace":4,"minecraft:raw_iron":38,"minecraft:torch":52,"minecraft:porkchop":11,"minecraft:diorite":9,"minecraft:redstone":27,"minecraft:rotten_flesh":24,"minecraft:arrow":7,"minecraft:stone_shovel":2,"minecraft:mutton":4,"minecraft:white_wool":5,"minecraft:cobblestone":343,"minecraft:birch_log":11,"minecraft:leather":19,"minecraft:tuff":16,"minecraft:oak_log":49,"minecraft:gunpowder":1,"minecraft:lapis_lazuli":41,"minecraft:dirt":27,"minecraft:cooked_mutton":2,"minecraft:leather_boots":2,"minecraft:red_carpet":1,"minecraft:bone":8,"minecraft:stone_bricks":21,"minecraft:bow":1,"minecraft:wheat_seeds":1,"minecraft:raw_gold":6,"minecraft:stone_pickaxe":4,"minecraft:iron_ingot":1,"minecraft:oak_planks":15,"minecraft:book":118,"minecraft:cooked_porkchop":9,"minecraft:pumpkin":2,"minecraft:sand":114,"minecraft:amethyst_shard":4,"minecraft:spider_eye":4,"travelersbackpack:white_sleeping_bag":4,"travelersbackpack:standard":1,"minecraft:polished_andesite":11,"minecraft:diamond":4,"minecraft:writable_book":3,"minecraft:emerald":1,"minecraft:oak_sapling":7,"minecraft:coal":201},"minecraft:mined":{"minecraft:tuff":17,"minecraft:red_carpet":1,"minecraft:deepslate_diamond_ore":4,"minecraft:granite":30,"minecraft:chiseled_bookshelf":20,"minecraft:grass_block":15,"travelersbackpack:white_sleeping_bag":4,"minecraft:smooth_stone":1,"minecraft:furnace":4,"minecraft:iron_ore":10,"minecraft:andesite":4,"minecraft:pumpkin":2,"minecraft:deepslate_lapis_ore":4,"minecraft:azure_bluet":1,"minecraft:bookshelf":33,"minecraft:deepslate_iron_ore":25,"minecraft:oak_stairs":1,"minecraft:stone":319,"minecraft:deepslate_redstone_ore":3,"minecraft:infested_stone_bricks":2,"minecraft:amethyst_cluster":1,"minecraft:crafting_table":3,"minecraft:torch":4,"minecraft:emerald_ore":1,"minecraft:calcite":47,"minecraft:poppy":1,"minecraft:chest":1,"minecraft:copper_ore":12,"minecraft:cobblestone":13,"minecraft:lapis_ore":2,"minecraft:deepslate_gold_ore":6,"minecraft:sugar_cane":14,"minecraft:diorite":9,"minecraft:wall_torch":13,"minecraft:amethyst_block":21,"minecraft:birch_log":11,"minecraft:white_carpet":1,"minecraft:birch_leaves":2,"minecraft:grass":3,"minecraft:oak_log":51,"minecraft:coal_ore":140,"minecraft:sand":83,"minecraft:dirt":30,"minecraft:infested_cracked_stone_bricks":1,"minecraft:cobweb":19,"minecraft:smooth_basalt":4,"minecraft:cracked_stone_bricks":7,"minecraft:polished_andesite":8,"minecraft:stone_bricks":19,"minecraft:mossy_stone_bricks":1,"minecraft:oak_leaves":10,"minecraft:deepslate":35}},"DataVersion":3465}