{
  "__COMMENT1": "To apply this configuration to all newly generated worlds",
  "__COMMENT2": "please place this configuration file into your config directory",
  "__COMMENT3": "with the following name: cpm-server-default.json",
  "player_scaling": {
    "852e8c9f-1f96-34d0-8122-a5dff2623745": {},
    "a6ad6532-c81f-3d8b-b1df-766e63f53044": {
      "scale": 1.0,
      "eyeHeight": 1.0,
      "hitboxW": 1.0,
      "hitboxH": 1.0,
      "thirdPerson": 1.0,
      "viewBonning": 1.0,
      "motion": 1.0,
      "stepHeight": 1.0,
      "flight": 1.0,
      "fdmg": 1.0,
      "reach": 1.0,
      "msp": 1.0,
      "asp": 1.0,
      "akb": 1.0,
      "attack": 1.0,
      "defense": 1.0,
      "health": 1.0,
      "mob_vis": 1.0,
      "width": 1.0,
      "height": 1.0,
      "jump_height": 1.0,
      "proj_dmg": 1.0,
      "exp_dmg": 1.0,
      "kbr": 1.0
    },
    "da0d2a91-386d-3714-b978-2d28eaf3399d": {}
  },
  "player_scaling_settings": {},
  "scaling_settings": {
    "projectile_dmg": {},
    "mining_speed": {},
    "motion": {},
    "third_person": {},
    "hitbox_width": {},
    "eye_height": {},
    "mob_visibility": {},
    "flight_speed": {},
    "knockback_resist": {},
    "reach": {},
    "health": {},
    "jump_height": {},
    "attack_speed": {},
    "explosion_dmg": {},
    "view_bobbing": {},
    "defense": {},
    "attack_knockback": {},
    "step_height": {},
    "width": {},
    "hitbox_height": {},
    "attack_dmg": {},
    "fall_damage": {},
    "entity": {},
    "height": {}
  },
  "skins": {}
}